price_date,ticker,open_price,high_price,low_price,close_price,adjusted_close,volume
2026-01-02,AAPL,272.260009765625,277.8399963378906,269.0,271.010009765625,270.27435302734375,37838100
2026-01-02,JPM,322.5,325.7300109863281,320.739990234375,325.4800109863281,320.9229431152344,8054000
2026-01-02,NVDA,189.83999633789062,192.92999267578125,188.25999450683594,188.85000610351562,188.40911865234375,148240500
2026-01-02,SPY,685.7100219726562,686.8699951171875,679.8200073242188,683.1699829101562,677.8753051757812,89377200
2026-01-02,XLF,54.83000183105469,55.0,54.34000015258789,54.93000030517578,54.26626205444336,36087100
2026-01-05,AAPL,270.6400146484375,271.510009765625,266.1400146484375,267.260009765625,266.5345458984375,45647200
2026-01-05,JPM,325.5,337.25,325.19000244140625,334.0400085449219,329.3630676269531,10752600
2026-01-05,NVDA,191.75999450683594,193.6300048828125,186.14999389648438,188.1199951171875,187.6808319091797,183529700
2026-01-05,SPY,686.5399780273438,689.4299926757812,686.3800048828125,687.719970703125,682.3900756835938,71927200
2026-01-05,XLF,54.81999969482422,56.5099983215332,54.81999969482422,56.130001068115234,55.451759338378906,58044100
2026-01-06,AAPL,267.0,267.54998779296875,262.1199951171875,262.3599853515625,261.64776611328125,52352100
2026-01-06,JPM,332.6199951171875,335.8699951171875,330.6499938964844,334.6099853515625,331.41326904296875,7660800
2026-01-06,NVDA,190.52000427246094,192.1699981689453,186.82000732421875,187.24000549316406,186.80288696289062,176862600
2026-01-06,SPY,687.9299926757812,692.3200073242188,687.780029296875,691.8099975585938,686.4483642578125,69273800
2026-01-06,XLF,56.040000915527344,56.52000045776367,55.9900016784668,56.400001525878906,55.718502044677734,38950800
2026-01-07,AAPL,263.20001220703125,263.67999267578125,259.80999755859375,260.3299865722656,259.6233215332031,48309800
2026-01-07,JPM,331.1400146484375,332.1499938964844,324.6000061035156,326.989990234375,323.8660888671875,9815200
2026-01-07,NVDA,188.57000732421875,191.3699951171875,186.55999755859375,189.11000061035156,188.6685028076172,153543200
2026-01-07,SPY,692.1900024414062,693.9600219726562,689.3200073242188,689.5800170898438,684.2356567382812,75588300
2026-01-07,XLF,56.22999954223633,56.34000015258789,55.540000915527344,55.61000061035156,54.938045501708984,44720900
2026-01-08,AAPL,257.0199890136719,259.2900085449219,255.6999969482422,259.0400085449219,258.33685302734375,50419300
2026-01-08,JPM,326.3900146484375,331.3999938964844,325.6499938964844,329.7900085449219,326.63934326171875,11737100
2026-01-08,NVDA,189.11000061035156,189.5500030517578,183.7100067138672,185.0399932861328,184.60801696777344,172457000
2026-01-08,SPY,688.8200073242188,690.6199951171875,687.489990234375,689.510009765625,684.1661987304688,64019200
2026-01-08,XLF,55.45000076293945,56.25,55.40999984741211,55.900001525878906,55.22454071044922,35358300
2026-01-09,AAPL,259.0799865722656,260.2099914550781,256.2200012207031,259.3699951171875,258.6659240722656,39997000
2026-01-09,JPM,329.3399963378906,331.8999938964844,328.1700134277344,329.19000244140625,326.0450744628906,6738100
2026-01-09,NVDA,185.0800018310547,186.33999633789062,183.6699981689453,184.86000061035156,184.42843627929688,131327500
2026-01-09,SPY,690.6300048828125,695.3099975585938,689.1799926757812,694.0700073242188,688.6908569335938,80125500
2026-01-09,XLF,55.97999954223633,56.15999984741211,55.720001220703125,55.72999954223633,55.05659484863281,29544900
2026-01-12,AAPL,259.1600036621094,261.29998779296875,256.79998779296875,260.25,259.54351806640625,45263800
2026-01-12,JPM,321.8800048828125,326.0199890136719,321.2300109863281,324.489990234375,321.38995361328125,12805100
2026-01-12,NVDA,183.22000122070312,187.1199951171875,183.02000427246094,184.94000244140625,184.5082550048828,137968500
2026-01-12,SPY,690.6799926757812,696.0900268554688,690.6300048828125,695.1599731445312,689.7723999023438,63976000
2026-01-12,XLF,55.029998779296875,55.36000061035156,54.84000015258789,55.290000915527344,54.621910095214844,42021600
2026-01-13,AAPL,258.7200012207031,261.80999755859375,258.3900146484375,261.04998779296875,260.34136962890625,45730800
2026-01-13,JPM,324.29998779296875,326.8599853515625,310.57000732421875,310.8999938964844,307.9297790527344,19371200
2026-01-13,NVDA,185.0,188.11000061035156,183.39999389648438,185.80999755859375,185.376220703125,160128900
2026-01-13,SPY,695.489990234375,696.0900268554688,691.3499755859375,693.77001953125,688.3931884765625,78309700
2026-01-13,XLF,55.150001525878906,55.22999954223633,54.150001525878906,54.22999954223633,53.5747184753418,77045100
2026-01-14,AAPL,259.489990234375,261.82000732421875,256.7099914550781,259.9599914550781,259.25433349609375,40019400
2026-01-14,JPM,308.20001220703125,311.760009765625,306.1199951171875,307.8699951171875,304.9287414550781,25951500
2026-01-14,NVDA,184.32000732421875,184.4600067138672,180.8000030517578,183.13999938964844,182.7124481201172,159586100
2026-01-14,SPY,691.0,691.719970703125,686.0399780273438,690.3599853515625,685.0095825195312,94676700
2026-01-14,XLF,54.04999923706055,54.18000030517578,53.689998626708984,54.150001525878906,53.495689392089844,59754600
2026-01-15,AAPL,260.6499938964844,261.0400085449219,257.04998779296875,258.2099914550781,257.5090637207031,39388600
2026-01-15,JPM,308.4700012207031,312.94000244140625,307.75,309.260009765625,306.30548095703125,14751400
2026-01-15,NVDA,186.5,189.6999969482422,186.3300018310547,187.0500030517578,186.6133270263672,206188600
2026-01-15,SPY,694.5700073242188,695.4500122070312,691.25,692.239990234375,686.8750610351562,77862000
2026-01-15,XLF,54.220001220703125,54.70000076293945,54.209999084472656,54.369998931884766,53.71302795410156,48490800
2026-01-16,AAPL,257.8999938964844,258.8999938964844,254.92999267578125,255.52999877929688,254.83636474609375,72142800
2026-01-16,JPM,310.3500061035156,317.2099914550781,310.0,312.4700012207031,309.48480224609375,14652500
2026-01-16,NVDA,189.0800018310547,190.44000244140625,186.0800018310547,186.22999572753906,185.79522705078125,187967200
2026-01-16,SPY,693.6599731445312,694.25,690.0999755859375,691.6599731445312,686.2994995117188,79289200
2026-01-16,XLF,54.369998931884766,54.7599983215332,54.290000915527344,54.439998626708984,53.78217697143555,44363200
2026-01-20,AAPL,252.72999572753906,254.7899932861328,243.4199981689453,246.6999969482422,246.0303192138672,80267500
2026-01-20,JPM,306.2099914550781,311.1499938964844,301.8599853515625,302.739990234375,299.8477478027344,12900600
2026-01-20,NVDA,181.89999389648438,182.3800048828125,177.61000061035156,178.07000732421875,177.65428161621094,223345300
2026-01-20,SPY,681.489990234375,684.77001953125,676.5700073242188,677.5800170898438,672.32861328125,111623300
2026-01-20,XLF,53.61000061035156,54.11000061035156,53.099998474121094,53.20000076293945,52.557167053222656,57030800
2026-01-21,AAPL,248.6999969482422,251.55999755859375,245.17999267578125,247.64999389648438,246.97775268554688,54641700
2026-01-21,JPM,303.42999267578125,305.3999938964844,301.1499938964844,302.0400085449219,299.15447998046875,10270100
2026-01-21,NVDA,179.0500030517578,185.3800048828125,178.39999389648438,183.32000732421875,182.8920440673828,200381000
2026-01-21,SPY,679.6500244140625,688.739990234375,678.1300048828125,685.4000244140625,680.0880737304688,127844500
2026-01-21,XLF,53.369998931884766,53.83000183105469,53.2400016784668,53.459999084472656,52.814022064208984,49360300
2026-01-22,AAPL,249.1999969482422,251.0,248.14999389648438,248.35000610351562,247.67584228515625,39708300
2026-01-22,JPM,304.8599853515625,308.20001220703125,302.8999938964844,303.6300048828125,300.729248046875,10535800
2026-01-22,NVDA,184.75,186.1699981689453,183.92999267578125,184.83999633789062,184.40847778320312,139636600
2026-01-22,SPY,689.8499755859375,691.1300048828125,686.9199829101562,688.97998046875,683.6403198242188,77112200
2026-01-22,XLF,53.650001525878906,54.04999923706055,53.63999938964844,53.810001373291016,53.15979766845703,46919300
2026-01-23,AAPL,247.32000732421875,249.41000366210938,244.67999267578125,248.0399932861328,247.36668395996094,41689000
2026-01-23,JPM,302.0,302.3699951171875,296.510009765625,297.7200012207031,294.8757019042969,11107900
2026-01-23,NVDA,187.5,189.60000610351562,186.82000732421875,187.6699981689453,187.23187255859375,142748100
2026-01-23,SPY,688.1500244140625,690.9600219726562,687.1599731445312,689.22998046875,683.8883056640625,63059600
2026-01-23,XLF,53.4900016784668,53.5099983215332,52.880001068115234,53.06999969482422,52.428733825683594,47057500
2026-01-26,AAPL,251.47999572753906,256.55999755859375,249.8000030517578,255.41000366210938,254.7166748046875,55969200
2026-01-26,JPM,297.80999755859375,301.7799987792969,297.45001220703125,301.0400085449219,298.16400146484375,11752700
2026-01-26,NVDA,187.16000366210938,189.1199951171875,185.99000549316406,186.47000122070312,186.03468322753906,124799600
2026-01-26,SPY,690.489990234375,694.1300048828125,689.9199829101562,692.72998046875,687.3612670898438,60473800
2026-01-26,XLF,53.099998474121094,53.54999923706055,53.09000015258789,53.40999984741211,52.764625549316406,31072700
2026-01-27,AAPL,259.1700134277344,261.95001220703125,258.2099914550781,258.2699890136719,257.56890869140625,49648300
2026-01-27,JPM,301.3299865722656,301.9700012207031,298.1499938964844,300.30999755859375,297.44097900390625,11527400
2026-01-27,NVDA,187.24000549316406,190.0,185.6999969482422,188.52000427246094,188.07989501953125,143711600
2026-01-27,SPY,694.1799926757812,696.530029296875,693.5700073242188,695.489990234375,690.0997924804688,55506100
2026-01-27,XLF,53.31999969482422,53.43000030517578,52.84000015258789,53.0,52.359580993652344,38633700
2026-01-28,AAPL,257.6499938964844,258.8599853515625,254.50999450683594,256.44000244140625,255.74388122558594,41288000
2026-01-28,JPM,300.2699890136719,301.9200134277344,298.04998779296875,300.7699890136719,297.89654541015625,9556700
2026-01-28,NVDA,191.27000427246094,192.35000610351562,189.83999633789062,191.52000427246094,191.07289123535156,148552700
2026-01-28,SPY,697.0499877929688,697.8400268554688,693.9400024414062,695.4199829101562,690.0303344726562,61172200
2026-01-28,XLF,52.93000030517578,53.209999084472656,52.7599983215332,52.9900016784668,52.349700927734375,45450800
2026-01-29,AAPL,258.0,259.6499938964844,254.41000366210938,258.2799987792969,257.578857421875,67253000
2026-01-29,JPM,302.3999938964844,306.8299865722656,302.2200012207031,306.4200134277344,303.49261474609375,11580000
2026-01-29,NVDA,191.33999633789062,193.47999572753906,186.05999755859375,192.50999450683594,192.06056213378906,171764400
2026-01-29,SPY,696.3900146484375,697.0599975585938,684.8300170898438,694.0399780273438,688.6610717773438,97486200
2026-01-29,XLF,53.31999969482422,53.630001068115234,52.9900016784668,53.54999923706055,52.90293502807617,51975400
2026-01-30,AAPL,255.1699981689453,261.8999938964844,252.17999267578125,259.4800109863281,258.775634765625,92443400
2026-01-30,JPM,305.25,307.92999267578125,302.55999755859375,305.8900146484375,302.9676818847656,11953200
2026-01-30,NVDA,191.2100067138672,194.49000549316406,189.47000122070312,191.1300048828125,190.6837921142578,179489500
2026-01-30,SPY,691.7899780273438,694.2100219726562,687.1199951171875,691.969970703125,686.607177734375,101835100
2026-01-30,XLF,53.380001068115234,53.65999984741211,53.02000045776367,53.439998626708984,52.79426193237305,42767000
2026-02-02,AAPL,260.0299987792969,270.489990234375,259.2099914550781,270.010009765625,269.2770690917969,73913400
2026-02-02,JPM,304.4599914550781,309.29998779296875,301.3699951171875,308.1400146484375,305.1961975097656,9839400
2026-02-02,NVDA,187.1999969482422,190.3000030517578,184.8800048828125,185.61000061035156,185.17669677734375,165794100
2026-02-02,SPY,689.5800170898438,696.9299926757812,689.4199829101562,695.4099731445312,690.0204467773438,79286500
2026-02-02,XLF,53.45000076293945,54.09000015258789,53.20000076293945,54.029998779296875,53.377132415771484,48031500
2026-02-03,AAPL,269.20001220703125,271.8800048828125,267.6099853515625,269.4800109863281,268.7485046386719,64394700
2026-02-03,JPM,309.7300109863281,316.25,309.1000061035156,314.8500061035156,311.8420715332031,12688000
2026-02-03,NVDA,186.24000549316406,186.27000427246094,176.22999572753906,180.33999633789062,179.91897583007812,204019600
2026-02-03,SPY,696.2100219726562,696.9600219726562,684.030029296875,689.530029296875,684.18603515625,107904600
2026-02-03,XLF,53.720001220703125,54.16999816894531,53.15999984741211,53.529998779296875,52.883174896240234,66887100
2026-02-04,AAPL,272.2900085449219,278.95001220703125,272.2900085449219,276.489990234375,275.73944091796875,90545700
2026-02-04,JPM,314.4100036621094,319.30999755859375,314.4100036621094,317.2699890136719,314.2389221191406,9848800
2026-02-04,NVDA,179.4600067138672,179.5800018310547,171.91000366210938,174.19000244140625,173.78334045410156,207014100
2026-02-04,SPY,690.3499755859375,691.4500122070312,681.760009765625,686.1900024414062,680.8719482421875,105204600
2026-02-04,XLF,53.5099983215332,54.18000030517578,53.400001525878906,53.959999084472656,53.30797576904297,59506400
2026-02-05,AAPL,278.1300048828125,279.5,273.2300109863281,275.9100036621094,275.1610107421875,52977400
2026-02-05,JPM,315.0,316.010009765625,305.5400085449219,310.1600036621094,307.1968688964844,9388000
2026-02-05,NVDA,174.92999267578125,176.82000732421875,171.02999877929688,171.8800048828125,171.47872924804688,206312900
2026-02-05,SPY,680.9400024414062,683.6900024414062,675.7899780273438,677.6199951171875,672.3683471679688,113610800
2026-02-05,XLF,53.939998626708984,54.060001373291016,53.18000030517578,53.290000915527344,52.64607238769531,64475000
2026-02-06,AAPL,277.1199951171875,280.9100036621094,276.92999267578125,278.1199951171875,277.36505126953125,50453400
2026-02-06,JPM,314.7099914550781,324.25,314.7099914550781,322.3999938964844,319.3199462890625,17797400
2026-02-06,NVDA,176.69000244140625,187.0,174.60000610351562,185.41000366210938,184.97714233398438,231346200
2026-02-06,SPY,681.4600219726562,692.3099975585938,680.8499755859375,690.6199951171875,685.267578125,89127600
2026-02-06,XLF,53.83000183105469,54.349998474121094,53.83000183105469,54.2599983215332,53.60435485839844,53073800
2026-02-09,AAPL,277.9100036621094,278.20001220703125,271.70001220703125,274.6199951171875,274.13079833984375,44623400
2026-02-09,JPM,321.3399963378906,326.3999938964844,320.1099853515625,322.1000061035156,319.0228271484375,11477500
2026-02-09,NVDA,184.25999450683594,193.66000366210938,183.9499969482422,190.0399932861328,189.59632873535156,196387400
2026-02-09,SPY,689.4199829101562,695.8699951171875,688.3400268554688,693.9500122070312,688.57177734375,73885200
2026-02-09,XLF,54.08000183105469,54.38999938964844,53.900001525878906,53.939998626708984,53.28822326660156,31699900
2026-02-10,AAPL,274.8900146484375,275.3699951171875,272.94000244140625,273.67999267578125,273.19244384765625,34376900
2026-02-10,JPM,322.54998779296875,326.1300048828125,315.1199951171875,318.2799987792969,315.2392883300781,9902200
2026-02-10,NVDA,191.3800048828125,192.47999572753906,188.1199951171875,188.5399932861328,188.09983825683594,136764800
2026-02-10,SPY,694.9500122070312,696.5399780273438,691.6599731445312,692.1199951171875,686.7559204101562,65185700
2026-02-10,XLF,53.70000076293945,54.2599983215332,53.119998931884766,53.54999923706055,52.90293502807617,57920800
2026-02-11,AAPL,274.70001220703125,280.17999267578125,274.45001220703125,275.5,275.00921630859375,51931300
2026-02-11,JPM,323.239990234375,325.2799987792969,308.7300109863281,310.82000732421875,307.8505859375,8703500
2026-02-11,NVDA,192.4499969482422,193.25999450683594,188.77000427246094,190.0500030517578,189.60633850097656,144192700
2026-02-11,SPY,696.3900146484375,697.1400146484375,689.1799926757812,691.9600219726562,686.5972290039062,76353900
2026-02-11,XLF,53.66999816894531,53.93000030517578,52.689998626708984,52.7400016784668,52.102725982666016,60339900
2026-02-12,AAPL,275.5899963378906,275.7200012207031,260.17999267578125,261.7300109863281,261.2637634277344,81077200
2026-02-12,JPM,312.2799987792969,313.6199951171875,300.0199890136719,302.6400146484375,299.74871826171875,13443400
2026-02-12,NVDA,193.02999877929688,193.61000061035156,186.50999450683594,186.94000244140625,186.5035858154297,189932500
2026-02-12,SPY,694.239990234375,695.3499755859375,680.3699951171875,681.27001953125,675.9901123046875,118829000
2026-02-12,XLF,52.900001525878906,53.11000061035156,51.43000030517578,51.689998626708984,51.06541061401367,94645100
2026-02-13,AAPL,262.010009765625,262.2300109863281,255.4499969482422,255.77999877929688,255.32435607910156,56290700
2026-02-13,JPM,298.5199890136719,304.2900085449219,296.5199890136719,302.54998779296875,299.6595458984375,9114500
2026-02-13,NVDA,187.47999572753906,187.5,181.58999633789062,182.80999755859375,182.3832244873047,161888000
2026-02-13,SPY,681.6900024414062,686.280029296875,677.52001953125,681.75,676.46630859375,96267500
2026-02-13,XLF,51.54999923706055,51.93000030517578,51.25,51.650001525878906,51.02589416503906,56449300
2026-02-17,AAPL,258.04998779296875,266.2900085449219,255.5399932861328,263.8800048828125,263.4099426269531,58469100
2026-02-17,JPM,302.760009765625,308.239990234375,302.5,307.1300048828125,304.19580078125,8896800
2026-02-17,NVDA,181.75,187.14999389648438,179.17999267578125,184.97000122070312,184.53819274902344,162276900
2026-02-17,SPY,680.1400146484375,684.9400024414062,675.780029296875,682.8499755859375,677.5578002929688,81354700
2026-02-17,XLF,51.81999969482422,52.40999984741211,51.81999969482422,52.20000076293945,51.56924819946289,54064700
2026-02-18,AAPL,263.6000061035156,266.82000732421875,262.45001220703125,264.3500061035156,263.8791198730469,34203300
2026-02-18,JPM,308.4599914550781,312.2799987792969,307.2200012207031,308.7799987792969,305.8300476074219,7209600
2026-02-18,NVDA,188.75,190.3699951171875,186.75999450683594,187.97999572753906,187.5411376953125,164749100
2026-02-18,SPY,684.02001953125,689.1500244140625,682.8300170898438,686.2899780273438,680.9711303710938,73570300
2026-02-18,XLF,52.349998474121094,52.779998779296875,52.279998779296875,52.59000015258789,51.95453643798828,45224000
2026-02-19,AAPL,262.6000061035156,264.4800109863281,260.04998779296875,260.5799865722656,260.11578369140625,30845300
2026-02-19,JPM,307.1700134277344,309.17999267578125,305.1199951171875,308.04998779296875,305.1070251464844,6737700
2026-02-19,NVDA,187.05999755859375,188.42999267578125,185.66000366210938,187.89999389648438,187.46133422851562,126554500
2026-02-19,SPY,683.8400268554688,686.1799926757812,681.5499877929688,684.47998046875,679.1751708984375,58649400
2026-02-19,XLF,52.13999938964844,52.380001068115234,51.7400016784668,52.150001525878906,51.51985168457031,47344400
2026-02-20,AAPL,258.9700012207031,264.75,258.1600036621094,264.5799865722656,264.1086730957031,42070500
2026-02-20,JPM,308.3999938964844,311.0,305.67999267578125,310.7900085449219,307.82086181640625,7792700
2026-02-20,NVDA,186.57000732421875,190.3300018310547,185.94000244140625,189.82000732421875,189.37686157226562,178422300
2026-02-20,SPY,682.3200073242188,690.0599975585938,681.72998046875,689.4299926757812,684.0868530273438,100034000
2026-02-20,XLF,52.040000915527344,52.5,51.720001220703125,52.4900016784668,51.85574722290039,52934100
2026-02-23,AAPL,263.489990234375,269.42999267578125,263.3800048828125,266.17999267578125,265.705810546875,37308200
2026-02-23,JPM,308.79998779296875,311.0,295.1000061035156,297.6700134277344,294.82623291015625,12955400
2026-02-23,NVDA,191.39999389648438,193.9499969482422,189.5800018310547,191.5500030517578,191.1028289794922,171584800
2026-02-23,SPY,687.8300170898438,690.0,680.3699951171875,682.3900146484375,677.1013793945312,90558100
2026-02-23,XLF,52.189998626708984,52.470001220703125,50.63999938964844,50.72999954223633,50.11701202392578,94600400
2026-02-24,AAPL,267.8599853515625,274.8900146484375,267.7099914550781,272.1400146484375,271.6552429199219,47014600
2026-02-24,JPM,296.82000732421875,299.75,291.3800048828125,297.29998779296875,294.459716796875,13554100
2026-02-24,NVDA,191.49000549316406,193.77000427246094,187.39999389648438,192.85000610351562,192.39979553222656,175123600
2026-02-24,SPY,681.9000244140625,688.3499755859375,680.0,687.3499755859375,682.0228881835938,73798700
2026-02-24,XLF,50.45000076293945,51.18000030517578,50.2400016784668,50.97999954223633,50.363990783691406,64114100
2026-02-25,AAPL,271.7799987792969,274.94000244140625,271.04998779296875,274.2300109863281,273.74151611328125,33714300
2026-02-25,JPM,298.6400146484375,303.6600036621094,297.010009765625,303.29998779296875,300.4023742675781,8095500
2026-02-25,NVDA,194.4499969482422,197.6300048828125,193.7899932861328,195.55999755859375,195.10345458984375,250637100
2026-02-25,SPY,690.1799926757812,693.6799926757812,690.0999755859375,693.1500244140625,687.7780151367188,56369500
2026-02-25,XLF,51.2400016784668,51.88999938964844,51.16999816894531,51.869998931884766,51.24323654174805,47652800
2026-02-26,AAPL,274.95001220703125,276.1099853515625,270.79998779296875,272.95001220703125,272.4637756347656,32345100
2026-02-26,JPM,304.5799865722656,309.010009765625,303.6400146484375,306.1300048828125,303.20538330078125,7007800
2026-02-26,NVDA,194.27000427246094,194.2899932861328,184.32000732421875,184.88999938964844,184.4583740234375,360807900
2026-02-26,SPY,693.280029296875,693.2999877929688,684.3499755859375,689.2999877929688,683.957763671875,71671000
2026-02-26,XLF,52.06999969482422,52.65999984741211,51.97999954223633,52.5,51.865623474121094,60884300
2026-02-27,AAPL,272.80999755859375,272.80999755859375,262.8900146484375,264.17999267578125,263.70941162109375,72366500
2026-02-27,JPM,300.0,302.95001220703125,294.45001220703125,300.29998779296875,297.4310607910156,18620800
2026-02-27,NVDA,181.25,182.58999633789062,176.3800048828125,177.19000244140625,176.77635192871094,311636500
2026-02-27,SPY,683.0900268554688,686.8599853515625,681.6400146484375,685.989990234375,680.6734619140625,83308900
2026-02-27,XLF,51.880001068115234,52.060001373291016,51.0099983215332,51.43000030517578,50.80855178833008,81998700
2026-03-02,AAPL,262.4100036621094,266.5299987792969,260.20001220703125,264.7200012207031,264.2484130859375,41827900
2026-03-02,JPM,294.80999755859375,299.9800109863281,293.2099914550781,297.55999755859375,294.7172546386719,8508900
2026-03-02,NVDA,175.00999450683594,183.4600067138672,174.63999938964844,182.47999572753906,182.05398559570312,209095300
2026-03-02,SPY,678.7000122070312,688.6199951171875,678.02001953125,686.3800048828125,681.0604248046875,87477200
2026-03-02,XLF,50.61000061035156,51.630001068115234,50.459999084472656,51.29999923706055,50.680118560791016,70107200
2026-03-03,AAPL,263.4800109863281,265.55999755859375,260.1300048828125,263.75,263.2801818847656,38568900
2026-03-03,JPM,292.2900085449219,302.3900146484375,289.5,300.260009765625,297.3914489746094,10278200
2026-03-03,NVDA,178.49000549316406,180.89999389648438,176.9199981689453,180.0500030517578,179.62966918945312,178099400
2026-03-03,SPY,675.0599975585938,682.6099853515625,669.6599731445312,680.3300170898438,675.057373046875,105003100
2026-03-03,XLF,50.290000915527344,51.54999923706055,50.08000183105469,51.209999084472656,50.591209411621094,94738700
2026-03-04,AAPL,264.6499938964844,266.1499938964844,261.4200134277344,262.5199890136719,262.0523376464844,39803100
2026-03-04,JPM,299.989990234375,301.0,295.82000732421875,299.3900146484375,296.52978515625,8055700
2026-03-04,NVDA,180.44000244140625,184.6999969482422,180.05999755859375,183.0399932861328,182.61268615722656,177731200
2026-03-04,SPY,681.6300048828125,687.0900268554688,679.6199951171875,685.1300048828125,679.8201904296875,79182200
2026-03-04,XLF,51.33000183105469,51.650001525878906,51.08000183105469,51.5,50.87770462036133,51472400
2026-03-05,AAPL,260.7900085449219,261.55999755859375,257.25,260.2900085449219,259.8263244628906,49658600
2026-03-05,JPM,297.9800109863281,301.239990234375,292.42999267578125,293.54998779296875,290.74554443359375,12732500
2026-03-05,NVDA,181.1699981689453,184.05999755859375,177.8800048828125,183.33999633789062,182.9119873046875,198779700
2026-03-05,SPY,682.0800170898438,685.530029296875,675.6099853515625,681.3099975585938,676.0297241210938,106606500
2026-03-05,XLF,51.2400016784668,51.81999969482422,50.90999984741211,51.22999954223633,50.6109733581543,58430700
2026-03-06,AAPL,258.6300048828125,258.7699890136719,254.3699951171875,257.4599914550781,257.0013427734375,41120000
2026-03-06,JPM,286.3399963378906,289.989990234375,283.7099914550781,289.4800109863281,286.7144470214844,13496500
2026-03-06,NVDA,179.83999633789062,182.75999450683594,176.82000732421875,177.82000732421875,177.4048614501953,189021900
2026-03-06,SPY,673.4099731445312,676.1099853515625,669.760009765625,672.3800048828125,667.1688842773438,100687000
2026-03-06,XLF,50.439998626708984,50.619998931884766,49.75,50.56999969482422,49.95893859863281,75632700
2026-03-09,AAPL,255.69000244140625,261.1499938964844,253.67999267578125,259.8800048828125,259.41705322265625,38218500
2026-03-09,JPM,285.5,291.1000061035156,280.45001220703125,289.9200134277344,287.1502685546875,12241100
2026-03-09,NVDA,176.8300018310547,182.91000366210938,175.55999755859375,182.64999389648438,182.2235870361328,177213600
2026-03-09,SPY,666.3900146484375,679.9199829101562,662.3900146484375,678.27001953125,673.0133056640625,102667700
2026-03-09,XLF,49.91999816894531,50.52000045776367,49.18000030517578,50.33000183105469,49.72184371948242,78178700
2026-03-10,AAPL,257.6499938964844,262.4800109863281,256.95001220703125,260.8299865722656,260.3653564453125,30590800
2026-03-10,JPM,289.2900085449219,292.75,287.17999267578125,288.7300109863281,285.97161865234375,8344900
2026-03-10,NVDA,182.39999389648438,186.44000244140625,182.00999450683594,184.77000427246094,184.33865356445312,179118500
2026-03-10,SPY,677.719970703125,683.3599853515625,674.760009765625,677.1799926757812,671.9317626953125,81505300
2026-03-10,XLF,50.33000183105469,50.689998626708984,49.75,50.060001373291016,49.455108642578125,70834200
2026-03-11,AAPL,261.0899963378906,262.1300048828125,259.54998779296875,260.80999755859375,260.34539794921875,26218900
2026-03-11,JPM,288.80999755859375,290.4800109863281,284.8599853515625,287.5199890136719,284.7731628417969,10205000
2026-03-11,NVDA,185.91000366210938,187.6199951171875,184.4499969482422,186.02999877929688,185.60574340820312,145280400
2026-03-11,SPY,677.5800170898438,680.0800170898438,673.3400268554688,676.3300170898438,671.08837890625,68441700
2026-03-11,XLF,49.97999954223633,50.119998931884766,49.220001220703125,49.63999938964844,49.040184020996094,56301200
2026-03-12,AAPL,258.6600036621094,258.95001220703125,254.17999267578125,255.75999450683594,255.3043975830078,40794000
2026-03-12,JPM,282.8299865722656,283.8800048828125,279.1000061035156,282.8900146484375,280.18743896484375,13760500
2026-03-12,NVDA,184.0500030517578,184.94000244140625,181.75,183.13999938964844,182.7223358154297,155762700
2026-03-12,SPY,671.1599731445312,671.6500244140625,665.8699951171875,666.0599975585938,660.89794921875,108882200
2026-03-12,XLF,48.97999954223633,49.220001220703125,48.790000915527344,48.83000183105469,48.23997116088867,67871700
2026-03-13,AAPL,255.47999572753906,256.3299865722656,249.52000427246094,250.1199951171875,249.6744384765625,36930000
2026-03-13,JPM,284.6700134277344,287.19000244140625,282.95001220703125,283.44000244140625,280.7321472167969,9091200
2026-03-13,NVDA,184.9199981689453,186.08999633789062,179.94000244140625,180.25,179.8389434814453,160988400
2026-03-13,SPY,669.27001953125,672.3400268554688,661.3599853515625,662.2899780273438,657.1571655273438,97200200
2026-03-13,XLF,49.11000061035156,49.459999084472656,48.849998474121094,48.88999938964844,48.29924392700195,47595200
2026-03-16,AAPL,252.11000061035156,253.88999938964844,249.8800048828125,252.82000732421875,252.36964416503906,32074200
2026-03-16,JPM,286.3399963378906,289.2699890136719,284.6099853515625,286.1600036621094,283.4261474609375,8149000
2026-03-16,NVDA,182.97000122070312,188.8800048828125,181.41000366210938,183.22000122070312,182.80215454101562,217307400
2026-03-16,SPY,668.3800048828125,672.0700073242188,667.1199951171875,669.030029296875,663.844970703125,82023100
2026-03-16,XLF,49.25,49.75,49.11000061035156,49.29999923706055,48.70429229736328,45720100
2026-03-17,AAPL,252.9600067138672,255.1300048828125,252.17999267578125,254.22999572753906,253.77711486816406,32361600
2026-03-17,JPM,289.0,291.760009765625,285.95001220703125,286.8900146484375,284.1492004394531,8961200
2026-03-17,NVDA,185.05999755859375,185.39999389648438,181.67999267578125,181.92999267578125,181.51510620117188,182497800
2026-03-17,SPY,672.3900146484375,674.4400024414062,669.7000122070312,670.7899780273438,665.5912475585938,87128000
2026-03-17,XLF,49.70000076293945,50.189998626708984,49.5099983215332,49.560001373291016,48.961151123046875,46974000
2026-03-18,AAPL,252.6300048828125,254.94000244140625,249.0,249.94000244140625,249.49476623535156,35757900
2026-03-18,JPM,286.8299865722656,289.4100036621094,285.1199951171875,287.739990234375,284.99102783203125,10057000
2026-03-18,NVDA,182.47999572753906,183.3800048828125,180.3300018310547,180.39999389648438,179.98858642578125,156683100
2026-03-18,SPY,668.3599853515625,669.719970703125,661.1900024414062,661.4299926757812,656.3037719726562,82062600
2026-03-18,XLF,49.369998931884766,49.709999084472656,48.91999816894531,48.970001220703125,48.37828063964844,49239100
2026-03-19,AAPL,249.39999389648438,251.8300018310547,247.3000030517578,248.9600067138672,248.5165252685547,34864100
2026-03-19,JPM,286.8800048828125,289.510009765625,284.6199951171875,287.9700012207031,285.2188720703125,9846700
2026-03-19,NVDA,178.00999450683594,179.97999572753906,175.7899932861328,178.55999755859375,178.15277099609375,170968500
2026-03-19,SPY,656.969970703125,662.97998046875,655.1699829101562,659.7999877929688,654.6864013671875,111272500
2026-03-19,XLF,48.77000045776367,49.18000030517578,48.52000045776367,48.9900016784668,48.39803695678711,58374000
2026-03-20,AAPL,247.97999572753906,249.1999969482422,246.0,247.99000549316406,247.54823303222656,88331100
2026-03-20,JPM,288.0799865722656,290.7099914550781,285.2699890136719,286.55999755859375,283.82232666015625,22436500
2026-03-20,NVDA,178.0,178.25999450683594,171.72000122070312,172.6999969482422,172.30615234375,241323500
2026-03-20,SPY,656.510009765625,656.6900024414062,644.719970703125,648.5700073242188,645.301025390625,163617500
2026-03-20,XLF,48.959999084472656,49.34000015258789,48.790000915527344,49.08000183105469,48.4869499206543,82914000
2026-03-23,AAPL,253.97000122070312,254.60000610351562,250.27999877929688,251.49000549316406,251.04200744628906,40546100
2026-03-23,JPM,294.30999755859375,295.75,287.9700012207031,289.9100036621094,287.14031982421875,11470800
2026-03-23,NVDA,177.25999450683594,178.3699951171875,174.75999450683594,175.63999938964844,175.23944091796875,182836300
2026-03-23,SPY,658.0700073242188,662.6199951171875,653.9400024414062,655.3800048828125,652.07666015625,134802700
2026-03-23,XLF,49.70000076293945,49.86000061035156,49.220001220703125,49.27000045776367,48.92485809326172,81044800
2026-03-24,AAPL,250.35000610351562,254.8300018310547,249.5500030517578,251.63999938964844,251.1917266845703,45152300
2026-03-24,JPM,286.1700134277344,295.4800109863281,285.3699951171875,292.3999938964844,289.6065368652344,11092300
2026-03-24,NVDA,174.8300018310547,176.22000122070312,173.97999572753906,175.1999969482422,174.80044555664062,147667800
2026-03-24,SPY,651.3200073242188,657.030029296875,649.8800048828125,653.1799926757812,649.8877563476562,96457500
2026-03-24,XLF,48.79999923706055,49.59000015258789,48.779998779296875,49.279998779296875,48.93478775024414,43296400
2026-03-25,AAPL,254.10000610351562,255.0,251.60000610351562,252.6199951171875,252.16998291015625,28476700
2026-03-25,JPM,294.1499938964844,297.6400146484375,292.44000244140625,295.4200134277344,292.59771728515625,12188200
2026-03-25,NVDA,177.10000610351562,181.22000122070312,176.85000610351562,178.67999267578125,178.2725067138672,162602100
2026-03-25,SPY,658.6699829101562,660.8900146484375,654.239990234375,656.8200073242188,653.5093994140625,90653800
2026-03-25,XLF,49.59000015258789,49.95000076293945,48.9900016784668,49.34000015258789,48.99436569213867,40438800
2026-03-26,AAPL,252.1199951171875,257.0,250.77000427246094,252.88999938964844,252.43951416015625,41796700
2026-03-26,JPM,292.5799865722656,294.989990234375,290.7300109863281,291.6600036621094,288.87359619140625,8669200
2026-03-26,NVDA,176.07000732421875,176.50999450683594,171.13999938964844,171.24000549316406,170.8494873046875,186152200
2026-03-26,SPY,652.0599975585938,654.8499755859375,644.8200073242188,645.0900268554688,641.8385620117188,96494400
2026-03-26,XLF,49.11000061035156,49.4900016784668,48.880001068115234,49.04999923706055,48.706398010253906,45035700
2026-03-27,AAPL,253.89999389648438,255.49000549316406,248.07000732421875,248.8000030517578,248.35679626464844,47900000
2026-03-27,JPM,289.1400146484375,290.1099853515625,281.75,282.8399963378906,280.13787841796875,9873300
2026-03-27,NVDA,170.0,170.97000122070312,167.00999450683594,167.52000427246094,167.13796997070312,196212700
2026-03-27,SPY,642.5,642.6599731445312,633.1099853515625,634.0900268554688,630.8939819335938,103649400
2026-03-27,XLF,48.790000915527344,48.84000015258789,47.66999816894531,47.810001373291016,47.4750862121582,64823900
2026-03-30,AAPL,250.07000732421875,250.8699951171875,245.50999450683594,246.6300048828125,246.19065856933594,39446200
2026-03-30,JPM,284.739990234375,287.25,282.3299865722656,283.7699890136719,281.0589904785156,11734400
2026-03-30,NVDA,168.77999877929688,169.4499969482422,164.27000427246094,165.1699981689453,164.79331970214844,185627000
2026-03-30,SPY,640.1099853515625,640.3699951171875,629.280029296875,631.969970703125,628.78466796875,99275900
2026-03-30,XLF,48.22999954223633,48.720001220703125,48.09000015258789,48.36000061035156,48.02123260498047,58128900
2026-03-31,AAPL,247.91000366210938,255.47999572753906,247.10000610351562,253.7899932861328,253.33790588378906,49598100
2026-03-31,JPM,288.4700012207031,295.07000732421875,284.95001220703125,294.1600036621094,291.3497314453125,12956900
2026-03-31,NVDA,166.97000122070312,174.6199951171875,166.9600067138672,174.39999389648438,174.00225830078125,226181300
2026-03-31,SPY,638.9400024414062,651.5399780273438,637.97998046875,650.3400268554688,647.0620727539062,152534100
2026-03-31,XLF,48.91999816894531,49.459999084472656,48.5099983215332,49.369998931884766,49.0241584777832,85361900
2026-04-01,AAPL,254.0800018310547,256.17999267578125,253.3300018310547,255.6300048828125,255.1746368408203,40059400
2026-04-01,JPM,295.3900146484375,298.7200012207031,292.9100036621094,295.3800048828125,292.5580749511719,11267200
2026-04-01,NVDA,176.0,177.3699951171875,174.75,175.75,175.34918212890625,168132000
2026-04-01,SPY,653.9000244140625,658.52001953125,653.0,655.239990234375,651.9373779296875,97841500
2026-04-01,XLF,49.79999923706055,49.849998474121094,49.13999938964844,49.439998626708984,49.093666076660156,61558300
2026-04-02,AAPL,254.1999969482422,256.1300048828125,250.64999389648438,255.9199981689453,255.464111328125,31289400
2026-04-02,JPM,291.9100036621094,295.6199951171875,288.7200012207031,294.6000061035156,291.7855224609375,6669300
2026-04-02,NVDA,172.17999267578125,177.49000549316406,171.3699951171875,177.38999938964844,176.98545837402344,143143200
2026-04-02,SPY,646.4199829101562,658.2000122070312,645.1099853515625,655.8300170898438,652.5244140625,68358700
2026-04-02,XLF,48.83000183105469,49.810001373291016,48.599998474121094,49.529998779296875,49.18303298950195,39519800
2026-04-06,AAPL,256.510009765625,262.1600036621094,256.4599914550781,258.8599853515625,258.39886474609375,29329900
2026-04-06,JPM,294.05999755859375,296.8299865722656,293.20001220703125,295.45001220703125,294.125,7142600
2026-04-06,NVDA,177.16000366210938,177.7899932861328,175.75999450683594,177.63999938964844,177.23487854003906,107564300
2026-04-06,SPY,655.8599853515625,659.719970703125,655.52001953125,658.9299926757812,655.6088256835938,39105800
2026-04-06,XLF,49.5099983215332,50.0099983215332,49.45000076293945,49.880001068115234,49.53058624267578,27345800
2026-04-07,AAPL,256.1600036621094,256.20001220703125,245.6999969482422,253.5,253.0484161376953,62148000
2026-04-07,JPM,293.1400146484375,298.17999267578125,292.70001220703125,297.3999938964844,296.0662536621094,7849100
2026-04-07,NVDA,175.72999572753906,178.22999572753906,173.66000366210938,178.10000610351562,177.69383239746094,132534900
2026-04-07,SPY,656.6500244140625,659.6099853515625,651.0599975585938,659.219970703125,655.8972778320312,69980400
2026-04-07,XLF,49.619998931884766,50.02000045776367,49.5,49.880001068115234,49.53058624267578,31750000
2026-04-08,AAPL,258.45001220703125,259.75,256.5299987792969,258.8999938964844,258.4388122558594,41032800
2026-04-08,JPM,307.9700012207031,311.260009765625,305.3299865722656,307.9700012207031,306.5888366699219,10590200
2026-04-08,NVDA,184.5,185.25999450683594,180.3000030517578,182.0800018310547,181.66476440429688,147732700
2026-04-08,SPY,676.3900146484375,677.0800170898438,671.4600219726562,676.010009765625,672.6027221679688,93606100
2026-04-08,XLF,51.189998626708984,51.47999954223633,50.959999084472656,51.20000076293945,50.841339111328125,48175400
2026-04-09,AAPL,259.0,261.1199951171875,256.07000732421875,260.489990234375,260.0259704589844,28121600
2026-04-09,JPM,306.95001220703125,311.260009765625,306.1099853515625,310.3299865722656,308.938232421875,6586600
2026-04-09,NVDA,181.83999633789062,184.0800018310547,180.6199951171875,183.91000366210938,183.4906005859375,116428500
2026-04-09,SPY,674.8400268554688,681.1599731445312,673.77001953125,679.9099731445312,676.4829711914062,57134400
2026-04-09,XLF,50.939998626708984,51.540000915527344,50.79999923706055,51.33000183105469,50.970428466796875,30330500
2026-04-10,AAPL,259.9800109863281,262.19000244140625,259.0199890136719,260.4800109863281,260.0159912109375,31291500
2026-04-10,JPM,310.0,310.3500061035156,306.7200012207031,309.8699951171875,308.4803161621094,6069700
2026-04-10,NVDA,184.30999755859375,190.0,184.3000030517578,188.6300048828125,188.1998291015625,160459500
2026-04-10,SPY,681.3200073242188,682.030029296875,678.4500122070312,679.4600219726562,676.0353393554688,42253500
2026-04-10,XLF,51.22999954223633,51.290000915527344,50.63999938964844,50.77000045776367,50.41434860229492,35427500
2026-04-13,AAPL,259.7300109863281,260.17999267578125,256.6600036621094,259.20001220703125,258.73828125,36234700
2026-04-13,JPM,307.4700012207031,313.739990234375,305.4599914550781,313.67999267578125,312.2732238769531,8318200
2026-04-13,NVDA,186.02999877929688,189.66000366210938,185.74000549316406,189.30999755859375,188.87826538085938,133648200
2026-04-13,SPY,677.4099731445312,686.2999877929688,676.5800170898438,686.0999755859375,682.641845703125,54185800
2026-04-13,XLF,50.5,51.66999816894531,50.41999816894531,51.65999984741211,51.29811477661133,33635900
2026-04-14,AAPL,259.25,261.92999267578125,257.19000244140625,258.8299865722656,258.3689270019531,48370700
2026-04-14,JPM,309.82000732421875,314.32000732421875,308.8699951171875,311.1199951171875,309.7247009277344,11455500
2026-04-14,NVDA,190.83999633789062,196.50999450683594,190.77000427246094,196.50999450683594,196.0618438720703,161307000
2026-04-14,SPY,687.6900024414062,694.5800170898438,687.6599731445312,694.4600219726562,690.959716796875,63480500
2026-04-14,XLF,51.5099983215332,51.90999984741211,51.439998626708984,51.779998779296875,51.41727066040039,36498400
2026-04-15,AAPL,258.1600036621094,266.55999755859375,257.80999755859375,266.42999267578125,265.95538330078125,49913500
2026-04-15,JPM,313.95001220703125,314.239990234375,304.260009765625,305.92999267578125,304.5579833984375,9885800
2026-04-15,NVDA,196.5399932861328,200.39999389648438,195.74000549316406,198.8699951171875,198.41647338867188,185338400
2026-04-15,SPY,695.260009765625,700.280029296875,694.2000122070312,699.9400024414062,696.412109375,58240400
2026-04-15,XLF,52.06999969482422,52.33000183105469,51.81999969482422,52.16999816894531,51.80453872680664,33804700
2026-04-16,AAPL,266.79998779296875,267.1600036621094,261.2699890136719,263.3999938964844,262.9307861328125,43323100
2026-04-16,JPM,305.3500061035156,309.95001220703125,305.20001220703125,309.95001220703125,308.5599670410156,8208600
2026-04-16,NVDA,197.42999267578125,199.85000610351562,195.80999755859375,198.35000610351562,197.8976593017578,134012900
2026-04-16,SPY,701.0599975585938,702.780029296875,698.530029296875,701.6599731445312,698.1234130859375,49972400
2026-04-16,XLF,52.09000015258789,52.40999984741211,51.91999816894531,52.029998779296875,51.66551971435547,25432000
2026-04-17,AAPL,266.9599914550781,272.29998779296875,266.7200012207031,270.2300109863281,269.7486267089844,61436200
2026-04-17,JPM,312.4700012207031,314.8999938964844,310.0899963378906,310.2900085449219,308.8984375,11082400
2026-04-17,NVDA,199.89999389648438,201.6999969482422,199.27000427246094,201.67999267578125,201.2200469970703,160324400
2026-04-17,SPY,706.1400146484375,712.3900146484375,705.760009765625,710.1400146484375,706.5607299804688,70661900
2026-04-17,XLF,52.369998931884766,52.97999954223633,52.29999923706055,52.43000030517578,52.062721252441406,45183400
2026-04-20,AAPL,270.3299865722656,274.2799987792969,270.2900085449219,273.04998779296875,272.5635681152344,36590200
2026-04-20,JPM,310.8500061035156,317.1300048828125,310.3699951171875,316.989990234375,315.5683898925781,10772000
2026-04-20,NVDA,199.97999572753906,202.1699981689453,197.83999633789062,202.05999755859375,201.59918212890625,119381400
2026-04-20,SPY,708.780029296875,709.9099731445312,706.1400146484375,708.719970703125,705.1477661132812,43546800
2026-04-20,XLF,52.34000015258789,52.7599983215332,52.2599983215332,52.630001068115234,52.26131820678711,26160600
2026-04-21,AAPL,271.5,272.79998779296875,265.3999938964844,266.1700134277344,265.69586181640625,50209800
2026-04-21,JPM,317.489990234375,320.239990234375,312.75,313.0,311.5962829589844,7084300
2026-04-21,NVDA,202.1300048828125,202.75,199.0,199.8800048828125,199.42417907714844,107945300
2026-04-21,SPY,710.280029296875,711.280029296875,702.6400146484375,704.0800170898438,700.53125,58941400
2026-04-21,XLF,52.709999084472656,53.189998626708984,52.20000076293945,52.29999923706055,51.93362808227539,34150100
2026-04-22,AAPL,267.82000732421875,273.739990234375,266.8699951171875,273.1700134277344,272.68341064453125,43249200
2026-04-22,JPM,314.8500061035156,315.1499938964844,311.94000244140625,313.0199890136719,311.6161804199219,5545900
2026-04-22,NVDA,200.99000549316406,202.5,199.0,202.5,202.03819274902344,107501000
2026-04-22,SPY,709.1500244140625,711.4500122070312,708.219970703125,711.2100219726562,707.6253051757812,42518500
2026-04-22,XLF,52.47999954223633,52.650001525878906,52.06999969482422,52.209999084472656,51.844261169433594,31838400
2026-04-23,AAPL,275.04998779296875,275.7699890136719,271.6499938964844,273.42999267578125,272.9429016113281,33399600
2026-04-23,JPM,313.5199890136719,314.989990234375,308.8900146484375,311.69000244140625,310.29217529296875,6969700
2026-04-23,NVDA,202.4600067138672,203.8300018310547,197.22000122070312,199.63999938964844,199.18470764160156,113561800
2026-04-23,SPY,709.5,712.3599853515625,702.280029296875,708.4500122070312,704.8792114257812,56174000
2026-04-23,XLF,52.08000183105469,52.16999816894531,51.29999923706055,51.79999923706055,51.4371337890625,44647900
2026-04-24,AAPL,272.760009765625,273.05999755859375,269.6499938964844,271.05999755859375,270.5771179199219,38157100
2026-04-24,JPM,311.1499938964844,311.1499938964844,307.8900146484375,308.2799987792969,306.8974609375,5215300
2026-04-24,NVDA,199.9600067138672,210.9499969482422,199.80999755859375,208.27000427246094,207.79502868652344,214134400
2026-04-24,SPY,710.75,714.469970703125,709.010009765625,713.9400024414062,710.341552734375,45182000
2026-04-24,XLF,51.58000183105469,51.66999816894531,51.31999969482422,51.41999816894531,51.05979537963867,27225300
2026-04-27,AAPL,266.0899963378906,268.3599853515625,265.07000732421875,267.6099853515625,267.1332702636719,41466800
2026-04-27,JPM,306.8800048828125,312.5799865722656,306.8800048828125,311.6300048828125,310.232421875,7925300
2026-04-27,NVDA,209.64999389648438,216.8300018310547,207.3800048828125,216.61000061035156,216.1160125732422,187172400
2026-04-27,SPY,713.1699829101562,715.6300048828125,712.2999877929688,715.1699829101562,711.5653076171875,33135900
2026-04-27,XLF,51.310001373291016,51.900001525878906,51.27000045776367,51.810001373291016,51.44706726074219,25764300
2026-04-28,AAPL,272.3399963378906,273.2300109863281,268.6600036621094,270.7099914550781,270.2277526855469,40018900
2026-04-28,JPM,315.20001220703125,315.45001220703125,311.1700134277344,311.45001220703125,310.0532531738281,7398600
2026-04-28,NVDA,209.49000549316406,214.72999572753906,208.1999969482422,213.1699981689453,212.68385314941406,180275400
2026-04-28,SPY,711.8200073242188,712.8800048828125,709.25,711.6900024414062,708.1028442382812,43117400
2026-04-28,XLF,52.20000076293945,52.400001525878906,51.79999923706055,51.849998474121094,51.48678207397461,24337500
2026-04-29,AAPL,267.54998779296875,271.0400085449219,267.0400085449219,270.1700134277344,269.688720703125,30047900
2026-04-29,JPM,310.57000732421875,312.04998779296875,307.2900085449219,309.25,307.86309814453125,8031800
2026-04-29,NVDA,212.6999969482422,212.72000122070312,207.5800018310547,209.25,208.77279663085938,123711800
2026-04-29,SPY,711.0,712.2000122070312,708.3699951171875,711.5800170898438,707.993408203125,41859200
2026-04-29,XLF,52.130001068115234,52.29999923706055,51.70000076293945,51.91999816894531,51.55629348754883,22153100
2026-04-30,AAPL,270.5,276.0,268.1400146484375,271.3500061035156,270.86663818359375,91848200
2026-04-30,JPM,307.07000732421875,314.1000061035156,306.57000732421875,313.2300109863281,311.82525634765625,8865400
2026-04-30,NVDA,209.92999267578125,210.3000030517578,198.6999969482422,199.57000732421875,199.1148681640625,225239200
2026-04-30,SPY,714.6300048828125,719.7899780273438,710.4500122070312,718.6599731445312,715.0377197265625,67240900
2026-04-30,XLF,51.5099983215332,52.25,51.20000076293945,52.130001068115234,51.76482391357422,31406400
2026-05-01,AAPL,278.8599853515625,287.2200012207031,278.3699951171875,280.1400146484375,279.6409912109375,79915400
2026-05-01,JPM,313.95001220703125,316.0799865722656,311.8299865722656,312.4700012207031,311.06866455078125,6135400
2026-05-01,NVDA,201.27999877929688,203.0,197.1199951171875,198.4499969482422,197.9974365234375,128647000
2026-05-01,SPY,721.25,724.8699951171875,720.469970703125,720.6500244140625,717.0177001953125,43049800
2026-05-01,XLF,52.400001525878906,52.61000061035156,51.91999816894531,51.91999816894531,51.55629348754883,39618200
2026-05-04,AAPL,279.6600036621094,280.6300048828125,274.8599853515625,276.8299865722656,276.3368225097656,46668400
2026-05-04,JPM,310.6199951171875,310.6499938964844,306.510009765625,307.6499938964844,306.270263671875,7338200
2026-05-04,NVDA,199.5,201.72999572753906,194.74000549316406,198.47999572753906,198.02734375,125368100
2026-05-04,SPY,720.0700073242188,722.1199951171875,714.989990234375,718.010009765625,714.3909912109375,51950600
2026-05-04,XLF,51.779998779296875,52.189998626708984,51.4900016784668,51.58000183105469,51.21867752075195,44456300
2026-05-05,AAPL,276.92999267578125,284.57000732421875,276.5,284.17999267578125,283.67376708984375,49311700
2026-05-05,JPM,307.7099914550781,310.9700012207031,306.79998779296875,309.3999938964844,308.0124206542969,6316800
2026-05-05,NVDA,199.3000030517578,200.24000549316406,196.02999877929688,196.5,196.05186462402344,113406600
2026-05-05,SPY,721.77001953125,725.0399780273438,721.489990234375,723.77001953125,720.1220092773438,36933200
2026-05-05,XLF,51.56999969482422,51.77000045776367,51.380001068115234,51.59000015258789,51.228607177734375,27419600
2026-05-06,AAPL,281.9200134277344,288.0299987792969,281.07000732421875,287.510009765625,286.99786376953125,58336100
2026-05-06,JPM,311.45001220703125,316.260009765625,311.3500061035156,314.8999938964844,313.4877624511719,8629500
2026-05-06,NVDA,199.88999938964844,208.27000427246094,198.61000061035156,207.8300018310547,207.3560333251953,188362800
2026-05-06,SPY,728.1599731445312,734.5900268554688,727.8200073242188,733.8300170898438,730.1312866210938,53288900
2026-05-06,XLF,51.91999816894531,52.2400016784668,51.779998779296875,51.84000015258789,51.47685241699219,39084600
2026-05-07,AAPL,289.2699890136719,292.1300048828125,285.7799987792969,287.44000244140625,286.927978515625,45224300
2026-05-07,JPM,314.6499938964844,316.29998779296875,306.1400146484375,306.2699890136719,304.8964538574219,8359600
2026-05-07,NVDA,208.33999633789062,214.1999969482422,206.5,211.5,211.01766967773438,168307900
2026-05-07,SPY,735.0499877929688,736.1300048828125,729.75,731.5800170898438,727.8926391601562,51724600
2026-05-07,XLF,51.779998779296875,52.08000183105469,51.41999816894531,51.54999923706055,51.18888473510742,36983100
2026-05-08,AAPL,290.010009765625,294.760009765625,290.0,293.32000732421875,292.7974853515625,52692800
2026-05-08,JPM,308.25,308.989990234375,300.5,302.1000061035156,300.74517822265625,9464300
2026-05-08,NVDA,213.02999877929688,217.8000030517578,212.88999938964844,215.1999969482422,214.709228515625,136421400
2026-05-08,SPY,734.9299926757812,738.0800170898438,734.5700073242188,737.6199951171875,733.9021606445312,47227100
2026-05-08,XLF,51.68000030517578,51.7400016784668,51.13999938964844,51.2400016784668,50.88105773925781,29627700
2026-05-11,AAPL,291.9800109863281,293.8800048828125,290.2300109863281,292.67999267578125,292.42779541015625,42247300
2026-05-11,JPM,302.1000061035156,303.19000244140625,298.8800048828125,300.0,298.6545715332031,9512000
2026-05-11,NVDA,214.0399932861328,222.3000030517578,213.88999938964844,219.44000244140625,218.93955993652344,160685800
2026-05-11,SPY,736.4500122070312,740.7899780273438,736.4500122070312,739.2999877929688,735.5736694335938,44024000
2026-05-11,XLF,51.2599983215332,51.459999084472656,50.959999084472656,51.18000030517578,50.821475982666016,30759200
2026-05-12,AAPL,292.55999755859375,295.2699890136719,292.55999755859375,294.79998779296875,294.54595947265625,45748100
2026-05-12,JPM,300.0199890136719,306.05999755859375,295.54998779296875,304.8800048828125,303.5126953125,9498200
2026-05-12,NVDA,218.5500030517578,223.75,214.9199981689453,220.77999877929688,220.27650451660156,159176600
2026-05-12,SPY,736.8900146484375,738.8400268554688,731.8300170898438,738.1799926757812,734.4593505859375,54185300
2026-05-12,XLF,51.18000030517578,51.70000076293945,50.810001373291016,51.58000183105469,51.21867752075195,44193700
2026-05-13,AAPL,293.5,300.9200134277344,293.5,298.8699951171875,298.6124572753906,52684300
2026-05-13,JPM,302.2699890136719,303.0,300.07000732421875,300.25,298.9034729003906,7709500
2026-05-13,NVDA,224.92999267578125,227.83999633789062,221.57000732421875,225.8300018310547,225.3149871826172,150405400
2026-05-13,SPY,738.469970703125,743.9099731445312,735.469970703125,742.3099975585938,738.5685424804688,44200200
2026-05-13,XLF,51.13999938964844,51.33000183105469,50.959999084472656,50.9900016784668,50.632808685302734,33440200
2026-05-14,AAPL,299.82000732421875,300.45001220703125,295.3800048828125,298.2099914550781,297.9530334472656,35324900
2026-05-14,JPM,302.25,303.75,298.80999755859375,299.9100036621094,298.56500244140625,7364300
2026-05-14,NVDA,229.85000610351562,236.5399932861328,229.3000030517578,235.74000549316406,235.202392578125,180782900
2026-05-14,SPY,743.6500244140625,749.530029296875,743.5599975585938,748.1699829101562,744.3989868164062,45307600
2026-05-14,XLF,51.27000045776367,51.4900016784668,51.099998474121094,51.290000915527344,50.93070983886719,37059700
2026-05-15,AAPL,297.8999938964844,303.20001220703125,296.5199890136719,300.2300109863281,299.9713134765625,54862800
2026-05-15,JPM,300.2099914550781,300.7900085449219,296.45001220703125,297.80999755859375,296.4743957519531,8699300
2026-05-15,NVDA,229.75999450683594,231.5,224.24000549316406,225.32000732421875,224.80615234375,180977600
2026-05-15,SPY,741.7899780273438,743.4600219726562,737.9600219726562,739.1699829101562,735.4443969726562,60410800
2026-05-15,XLF,51.31999969482422,51.5,51.040000915527344,51.099998474121094,50.74203872680664,29789800
2026-05-18,AAPL,300.239990234375,300.6600036621094,294.9100036621094,297.8399963378906,297.5833435058594,34483000
2026-05-18,JPM,298.0,301.260009765625,297.2200012207031,300.7300109863281,299.3813171386719,7546300
2026-05-18,NVDA,229.8699951171875,230.0,218.3699951171875,222.32000732421875,221.81300354003906,146280900
2026-05-18,SPY,739.8300170898438,741.4199829101562,733.3900146484375,738.6500244140625,734.927001953125,47843900
2026-05-18,XLF,51.0099983215332,51.79999923706055,50.970001220703125,51.7400016784668,51.37755584716797,32974600
2026-05-19,AAPL,296.9700012207031,300.510009765625,296.3500061035156,298.9700012207031,298.7123718261719,42243600
2026-05-19,JPM,301.0899963378906,301.7900085449219,295.260009765625,295.70001220703125,294.3738708496094,8066900
2026-05-19,NVDA,219.6199951171875,224.47999572753906,217.91000366210938,220.61000061035156,220.1068878173828,140948200
2026-05-19,SPY,734.780029296875,737.6500244140625,731.530029296875,733.72998046875,730.0317993164062,54255900
2026-05-19,XLF,51.630001068115234,51.790000915527344,51.04999923706055,51.099998474121094,50.74203872680664,35956300
2026-05-20,AAPL,298.17999267578125,302.79998779296875,298.0799865722656,302.25,301.98956298828125,38229800
2026-05-20,JPM,296.70001220703125,302.92999267578125,293.6700134277344,301.9800109863281,300.625732421875,9327000
2026-05-20,NVDA,223.17999267578125,226.1300048828125,220.5,223.47000122070312,222.9603729248047,184201600
2026-05-20,SPY,735.7100219726562,741.8699951171875,733.8900146484375,741.25,737.5138549804688,45768000
2026-05-20,XLF,51.22999954223633,51.709999084472656,50.779998779296875,51.65999984741211,51.29811477661133,42148400
2026-05-21,AAPL,301.05999755859375,305.5400085449219,300.3999938964844,304.989990234375,304.7271728515625,42965100
2026-05-21,JPM,301.2300109863281,303.9800109863281,300.2099914550781,303.0,301.6411437988281,7874400
2026-05-21,NVDA,222.2899932861328,227.39999389648438,217.92999267578125,219.50999450683594,219.0093994140625,203381800
2026-05-21,SPY,738.6400146484375,744.8699951171875,737.030029296875,742.719970703125,738.9764404296875,43332200
2026-05-21,XLF,51.459999084472656,51.83000183105469,51.209999084472656,51.72999954223633,51.36762619018555,33344200
2026-05-22,AAPL,306.1199951171875,311.3999938964844,305.8399963378906,308.82000732421875,308.55389404296875,43670200
2026-05-22,JPM,304.67999267578125,307.45001220703125,303.8399963378906,306.3800048828125,305.0059814453125,5973900
2026-05-22,NVDA,220.89999389648438,221.00999450683594,214.8000030517578,215.3300018310547,214.83892822265625,169275700
2026-05-22,SPY,746.239990234375,748.9400024414062,744.47998046875,745.6400146484375,741.8817749023438,41762000
2026-05-22,XLF,51.900001525878906,52.16999816894531,51.84000015258789,51.939998626708984,51.57615280151367,23308000
2026-05-26,AAPL,309.55999755859375,311.82000732421875,307.6700134277344,308.3299865722656,308.0643005371094,48000500
2026-05-26,JPM,308.489990234375,309.92999267578125,305.44000244140625,306.739990234375,305.3643493652344,7725400
2026-05-26,NVDA,216.5399932861328,218.17999267578125,212.0,214.86000061035156,214.37001037597656,187202600
2026-05-26,SPY,750.010009765625,752.1300048828125,748.3699951171875,750.5900268554688,746.8068237304688,41123600
2026-05-26,XLF,52.0,52.22999954223633,51.720001220703125,51.849998474121094,51.48678207397461,24530200
2026-05-27,AAPL,308.3299865722656,313.260009765625,308.29998779296875,310.8500061035156,310.5821533203125,50430900
2026-05-27,JPM,305.0,305.8999938964844,295.75,299.2799987792969,297.93780517578125,11779200
2026-05-27,NVDA,214.1199951171875,214.14999389648438,208.77999877929688,212.60000610351562,212.1151580810547,167601200
2026-05-27,SPY,750.8800048828125,751.3800048828125,748.219970703125,750.4600219726562,746.677490234375,42106300
2026-05-27,XLF,51.7400016784668,51.9900016784668,51.29999923706055,51.41999816894531,51.05979537963867,45239100
2026-05-28,AAPL,310.67999267578125,312.79998779296875,309.57000732421875,312.510009765625,312.24072265625,48220400
2026-05-28,JPM,297.57000732421875,301.07000732421875,295.75,296.7300109863281,295.3992614746094,9757700
2026-05-28,NVDA,211.27999877929688,215.52000427246094,211.22000122070312,214.25,213.7613983154297,143996000
2026-05-28,SPY,750.25,755.1500244140625,749.22998046875,754.5999755859375,750.7965698242188,41562600
2026-05-28,XLF,51.189998626708984,51.5,51.02000045776367,51.27000045776367,50.91084671020508,40564600
2026-05-29,AAPL,311.7799987792969,315.0,309.5299987792969,312.05999755859375,311.7911071777344,70026800
2026-05-29,JPM,296.3999938964844,299.8800048828125,295.20001220703125,299.30999755859375,297.9676818847656,13969000
2026-05-29,NVDA,214.5800018310547,217.86000061035156,211.1300048828125,211.13999938964844,210.6584930419922,289410600
2026-05-29,SPY,755.9000244140625,758.0800170898438,754.6900024414062,756.47998046875,752.6671142578125,55075700
2026-05-29,XLF,51.279998779296875,51.790000915527344,51.16999816894531,51.58000183105469,51.21867752075195,34240300
2026-06-01,AAPL,309.6300048828125,310.94000244140625,305.0199890136719,306.30999755859375,306.0460510253906,48849900
2026-06-01,JPM,297.69000244140625,299.54998779296875,295.2699890136719,296.5799865722656,295.2499084472656,7930000
2026-06-01,NVDA,215.72999572753906,224.8699951171875,215.6999969482422,224.36000061035156,223.8483428955078,212850700
2026-06-01,SPY,755.3599853515625,760.280029296875,754.6900024414062,758.5399780273438,754.7167358398438,43634900
2026-06-01,XLF,51.22999954223633,51.599998474121094,51.189998626708984,51.43000030517578,51.06972885131836,34507600
2026-06-02,AAPL,307.4599914550781,315.45001220703125,306.69000244140625,315.20001220703125,314.92840576171875,44534700
2026-06-02,JPM,296.5,302.07000732421875,295.2699890136719,300.9599914550781,299.6102600097656,8296200
2026-06-02,NVDA,227.17999267578125,232.27999877929688,221.35000610351562,222.82000732421875,222.3118438720703,193362900
2026-06-02,SPY,757.030029296875,760.4000244140625,756.75,759.5700073242188,755.7415771484375,31581900
2026-06-02,XLF,51.22999954223633,51.65999984741211,50.97999954223633,51.459999084472656,51.09951400756836,30988800
2026-06-03,AAPL,314.17999267578125,316.94000244140625,308.8500061035156,310.260009765625,309.9926452636719,50836700
2026-06-03,JPM,299.9200134277344,301.9599914550781,296.55999755859375,300.8500061035156,299.50079345703125,7003900
2026-06-03,NVDA,221.72000122070312,222.82000732421875,214.50999450683594,214.75,214.26025390625,160907000
2026-06-03,SPY,758.1500244140625,758.7999877929688,753.5700073242188,754.239990234375,750.4384155273438,51402500
2026-06-03,XLF,51.13999938964844,51.15999984741211,50.52000045776367,50.869998931884766,50.513648986816406,44906700
2026-06-04,AAPL,313.2300109863281,313.5400085449219,309.6499938964844,311.2300109863281,310.9618225097656,44869100
2026-06-04,JPM,305.739990234375,312.9100036621094,304.44000244140625,310.8900146484375,309.4957580566406,10345200
2026-06-04,NVDA,213.91000366210938,221.60000610351562,210.97000122070312,218.66000366210938,218.4156036376953,169022200
2026-06-04,SPY,752.0999755859375,758.3099975585938,751.469970703125,757.0900268554688,753.2740478515625,49923000
2026-06-04,XLF,51.540000915527344,52.29999923706055,51.47999954223633,52.189998626708984,51.82440185546875,57368100
2026-06-05,AAPL,312.8599853515625,315.1700134277344,307.1499938964844,307.3399963378906,307.0751647949219,65310500
2026-06-05,JPM,314.2900085449219,315.0,309.6000061035156,312.3699951171875,310.9691162109375,9118800
2026-06-05,NVDA,214.52999877929688,214.8699951171875,204.3300018310547,205.10000610351562,204.87075805664062,219655500
2026-06-05,SPY,752.3099975585938,752.8200073242188,735.530029296875,737.5499877929688,733.83251953125,93989400
2026-06-05,XLF,52.380001068115234,52.47999954223633,52.060001373291016,52.29999923706055,51.93362808227539,42101700
2026-06-08,AAPL,308.739990234375,317.3999938964844,301.1700134277344,301.5400085449219,301.2801818847656,77949100
2026-06-08,JPM,313.25,316.29998779296875,310.7799987792969,311.1099853515625,309.7147521972656,6827000
2026-06-08,NVDA,210.17999267578125,210.47000122070312,206.0,208.63999938964844,208.40679931640625,138372800
2026-06-08,SPY,743.3599853515625,745.3400268554688,738.1900024414062,739.219970703125,735.4940795898438,49319100
2026-06-08,XLF,52.2400016784668,52.470001220703125,51.959999084472656,51.970001220703125,51.60594177246094,39102700
2026-06-09,AAPL,300.2799987792969,300.75,287.7799987792969,290.54998779296875,290.29962158203125,70108800
2026-06-09,JPM,313.510009765625,316.4200134277344,309.010009765625,312.70001220703125,311.2976379394531,11594600
2026-06-09,NVDA,210.6199951171875,211.39999389648438,199.33999633789062,208.19000244140625,207.95730590820312,180962500
2026-06-09,SPY,743.6300048828125,746.9000244140625,722.5900268554688,737.0499877929688,733.3350219726562,87683500
2026-06-09,XLF,52.18000030517578,52.70000076293945,52.040000915527344,52.459999084472656,52.09251022338867,41695100
2026-06-10,AAPL,290.739990234375,294.75,287.3800048828125,291.5799865722656,291.3287353515625,52793300
2026-06-10,JPM,312.55999755859375,314.75,309.0299987792969,309.1400146484375,307.75360107421875,7446200
2026-06-10,NVDA,204.42999267578125,207.22000122070312,199.9199981689453,200.4199981689453,200.19598388671875,161746600
2026-06-10,SPY,733.3900146484375,738.3800048828125,725.3300170898438,725.4299926757812,721.7736206054688,60341300
2026-06-10,XLF,52.5,52.810001373291016,52.209999084472656,52.22999954223633,51.86412048339844,31128400
2026-06-11,AAPL,293.7200012207031,297.0,289.5899963378906,295.6300048828125,295.375244140625,42572500
2026-06-11,JPM,309.55999755859375,314.7200012207031,308.8800048828125,313.489990234375,312.0840759277344,9116600
2026-06-11,NVDA,201.49000549316406,205.66000366210938,199.5399932861328,204.8699951171875,204.64100646972656,158643200
2026-06-11,SPY,728.760009765625,740.0,724.4099731445312,737.760009765625,734.04150390625,86330500
2026-06-11,XLF,52.349998474121094,52.77000045776367,52.040000915527344,52.619998931884766,52.25139236450195,41295600
2026-06-12,AAPL,296.0299987792969,297.1400146484375,289.6199951171875,291.1300048828125,290.879150390625,38742100
2026-06-12,JPM,315.9700012207031,321.29998779296875,315.54998779296875,320.7200012207031,319.28167724609375,7426200
2026-06-12,NVDA,204.86000061035156,207.07000732421875,203.44000244140625,205.19000244140625,204.96066284179688,112001800
2026-06-12,SPY,740.7100219726562,744.4400024414062,735.030029296875,741.75,738.0113525390625,57079500
2026-06-12,XLF,52.959999084472656,53.54999923706055,52.810001373291016,53.34000015258789,52.966346740722656,51023300
2026-06-15,AAPL,294.1199951171875,297.7799987792969,291.70001220703125,296.4200134277344,296.1645812988281,45732600
2026-06-15,JPM,323.9200134277344,325.9200134277344,318.8399963378906,319.3999938964844,317.96759033203125,7988900
2026-06-15,NVDA,208.9199981689453,212.7100067138672,208.33999633789062,212.4499969482422,212.21253967285156,149936700
2026-06-15,SPY,751.8499755859375,756.6799926757812,751.760009765625,754.8300170898438,751.0254516601562,60176400
2026-06-15,XLF,53.7599983215332,53.970001220703125,53.47999954223633,53.560001373291016,53.18480682373047,37492400
2026-06-16,AAPL,295.25,300.4800109863281,293.9700012207031,299.239990234375,298.9821472167969,39874400
2026-06-16,JPM,324.29998779296875,331.75,324.0199890136719,331.1400146484375,329.6549377441406,11094900
2026-06-16,NVDA,211.17999267578125,211.49000549316406,207.2899932861328,207.41000366210938,207.1781768798828,125694100
2026-06-16,SPY,754.5499877929688,755.4400024414062,749.8800048828125,750.3300170898438,746.5481567382812,67093100
2026-06-16,XLF,54.0099983215332,54.43000030517578,53.849998474121094,54.349998474121094,53.96927261352539,37478300
2026-06-17,AAPL,300.8500061035156,302.07000732421875,294.3599853515625,295.95001220703125,295.6949768066406,42745100
2026-06-17,JPM,332.17999267578125,337.7699890136719,331.5,333.4599914550781,331.9645080566406,12246400
2026-06-17,NVDA,208.52999877929688,209.2100067138672,203.0800018310547,204.64999389648438,204.42124938964844,128363500
2026-06-17,SPY,751.2899780273438,752.1500244140625,739.219970703125,740.9600219726562,737.225341796875,85945200
2026-06-17,XLF,54.290000915527344,54.88999938964844,53.900001525878906,54.04999923706055,53.67137145996094,49571900
2026-06-18,AAPL,298.1099853515625,300.57000732421875,295.6199951171875,298.010009765625,297.7532043457031,85962200
2026-06-18,JPM,336.95001220703125,338.0899963378906,324.1600036621094,325.2200012207031,323.761474609375,20111000
2026-06-18,NVDA,207.3300018310547,211.38999938964844,206.5,210.69000244140625,210.4545135498047,241272000
2026-06-18,SPY,747.760009765625,748.22998046875,743.8599853515625,746.739990234375,744.8902587890625,80875700
2026-06-18,XLF,54.54999923706055,54.61000061035156,53.459999084472656,53.56999969482422,53.194732666015625,37816800
2026-06-22,AAPL,297.30999755859375,302.4200134277344,296.760009765625,297.010009765625,296.75408935546875,44879900
2026-06-22,JPM,329.70001220703125,332.7699890136719,326.75,331.4800109863281,329.993408203125,10182500
2026-06-22,NVDA,211.44000244140625,213.99000549316406,207.72000122070312,208.64999389648438,208.41677856445312,122041400
2026-06-22,SPY,747.7000122070312,750.1799926757812,743.1300048828125,744.3900146484375,742.546142578125,46628100
2026-06-22,XLF,53.619998931884766,54.02000045776367,53.56999969482422,53.70000076293945,53.510616302490234,27962800
2026-06-23,AAPL,297.5400085449219,301.6400146484375,294.17999267578125,294.29998779296875,294.04638671875,52010900
2026-06-23,JPM,329.4700012207031,335.3699951171875,327.2099914550781,334.1400146484375,332.6414794921875,7582200
2026-06-23,NVDA,202.1699981689453,203.77000427246094,200.0,200.0399932861328,199.81640625,153496200
2026-06-23,SPY,733.8099975585938,739.6300048828125,732.2999877929688,733.5800170898438,731.7628784179688,66846800
2026-06-23,XLF,53.630001068115234,54.029998779296875,53.4900016784668,53.880001068115234,53.68998336791992,33375300
2026-06-24,AAPL,295.3599853515625,299.70001220703125,292.94000244140625,293.0799865722656,292.8274230957031,53081900
2026-06-24,JPM,333.07000732421875,334.5299987792969,329.7699890136719,333.45001220703125,331.95458984375,7907400
2026-06-24,NVDA,200.1199951171875,201.6699981689453,196.5800018310547,199.0,198.77757263183594,151810700
2026-06-24,SPY,735.1699829101562,739.9500122070312,730.8400268554688,733.239990234375,731.4237060546875,57439500
2026-06-24,XLF,53.86000061035156,54.099998474121094,53.540000915527344,53.720001220703125,53.530548095703125,30809600
2026-06-25,AAPL,287.3999938964844,288.79998779296875,273.75,275.1499938964844,274.91290283203125,107013700
2026-06-25,JPM,334.9599914550781,343.45001220703125,334.760009765625,335.1199951171875,333.6170654296875,10043100
2026-06-25,NVDA,200.0800018310547,200.8000030517578,192.1300048828125,195.74000549316406,195.52122497558594,149550000
2026-06-25,SPY,738.9099731445312,739.3699951171875,729.5999755859375,734.2999877929688,732.4810791015625,53934400
2026-06-25,XLF,53.91999816894531,54.68000030517578,53.400001525878906,53.45000076293945,53.261497497558594,31634800
2026-06-26,AAPL,275.0,285.95001220703125,274.2099914550781,283.7799987792969,283.53546142578125,261775500
2026-06-26,JPM,336.0,336.3999938964844,327.5,329.04998779296875,327.57427978515625,17640900
2026-06-26,NVDA,193.1199951171875,195.5500030517578,191.22000122070312,192.52999877929688,192.31480407714844,179304100
2026-06-26,SPY,728.9500122070312,736.530029296875,716.5800170898438,728.989990234375,727.1842651367188,71034000
2026-06-26,XLF,53.560001373291016,53.939998626708984,53.20000076293945,53.56999969482422,53.38107681274414,26643000
2026-06-29,AAPL,286.7300109863281,288.3699951171875,279.8500061035156,281.739990234375,281.4972229003906,66427000
2026-06-29,JPM,328.2799987792969,332.3900146484375,327.20001220703125,329.3900146484375,327.91278076171875,7981800
2026-06-29,NVDA,193.85000610351562,196.17999267578125,189.8000030517578,194.97000122070312,194.7520751953125,148835700
2026-06-29,SPY,736.530029296875,741.5599975585938,732.0900268554688,741.0,739.1644897460938,58035200
2026-06-29,XLF,53.70000076293945,54.029998779296875,53.68000030517578,53.720001220703125,53.530548095703125,31628000
2026-06-30,AAPL,281.1700134277344,289.94000244140625,280.70001220703125,289.3599853515625,289.11065673828125,65100200
2026-06-30,JPM,328.8900146484375,330.44000244140625,326.67999267578125,327.3299865722656,325.86199951171875,8080100
2026-06-30,NVDA,197.24000549316406,200.6300048828125,195.11000061035156,200.08999633789062,199.86634826660156,166476700
2026-06-30,SPY,741.2899780273438,748.02001953125,740.8900146484375,746.77001953125,744.9202270507812,55626000
2026-06-30,XLF,53.65999984741211,53.849998474121094,53.400001525878906,53.61000061035156,53.420936584472656,27725300
2026-07-01,AAPL,293.44000244140625,296.5899963378906,289.20001220703125,294.3800048828125,294.1263427734375,50164200
2026-07-01,JPM,328.3699951171875,335.6400146484375,325.010009765625,334.07000732421875,332.5718078613281,15210200
2026-07-01,NVDA,196.1999969482422,199.85000610351562,193.4499969482422,197.5800018310547,197.35916137695312,146147600
2026-07-01,SPY,745.0,749.4400024414062,742.3800048828125,745.760009765625,743.9127197265625,47100900
2026-07-01,XLF,53.83000183105469,55.08000183105469,53.75,54.779998779296875,54.58680725097656,47809800
2026-07-02,AAPL,294.1199951171875,309.4200134277344,293.67999267578125,308.6300048828125,308.3640441894531,75352800
2026-07-02,JPM,338.0199890136719,340.0,331.7699890136719,334.4700012207031,332.9700012207031,8413900
2026-07-02,NVDA,197.13999938964844,200.05999755859375,192.35000610351562,194.8300018310547,194.61224365234375,142068700
2026-07-02,SPY,747.4000244140625,751.3099975585938,740.030029296875,744.780029296875,742.9351806640625,57447800
2026-07-02,XLF,55.279998779296875,55.63999938964844,55.0099983215332,55.619998931884766,55.42384338378906,46246100
2026-07-06,AAPL,307.3599853515625,314.20001220703125,307.0,312.6600036621094,312.3905944824219,53590000
2026-07-06,JPM,335.0,339.7200012207031,334.1099853515625,337.7200012207031,337.7200012207031,8673500
2026-07-06,NVDA,194.4199981689453,197.5500030517578,193.99000549316406,195.5500030517578,195.33143615722656,108999000
2026-07-06,SPY,748.739990234375,752.4099731445312,747.4099731445312,751.280029296875,749.4190673828125,50673300
2026-07-06,XLF,55.849998474121094,56.15999984741211,55.58000183105469,56.13999938964844,55.942012786865234,32043700
2026-07-07,AAPL,315.2900085449219,315.4800109863281,310.1499938964844,310.6600036621094,310.3923034667969,42490000
2026-07-07,JPM,340.9800109863281,341.3999938964844,337.0899963378906,339.2200012207031,339.2200012207031,7115800
2026-07-07,NVDA,192.3699951171875,198.41000366210938,191.13999938964844,196.92999267578125,196.7098846435547,124154600
2026-07-07,SPY,750.219970703125,750.9600219726562,745.2100219726562,747.7100219726562,745.85791015625,43721500
2026-07-07,XLF,56.310001373291016,56.59000015258789,56.0099983215332,56.04999923706055,55.85232925415039,27116500
2026-07-08,AAPL,311.9100036621094,314.82000732421875,307.04998779296875,313.3900146484375,313.1199645996094,41323500
2026-07-08,JPM,336.5299987792969,336.5299987792969,330.1300048828125,330.6199951171875,330.6199951171875,18505200
2026-07-08,NVDA,195.17999267578125,205.16000366210938,195.05999755859375,204.1199951171875,203.891845703125,147419100
2026-07-08,SPY,743.1599731445312,746.1500244140625,739.510009765625,745.4000244140625,743.5536499023438,43767400
2026-07-08,XLF,55.790000915527344,55.79999923706055,54.95000076293945,54.970001220703125,54.77613830566406,41648100
2026-07-09,AAPL,310.510009765625,316.5299987792969,308.1600036621094,316.2200012207031,315.947509765625,48124500
2026-07-09,JPM,331.4599914550781,337.0,330.80999755859375,335.4700012207031,335.4700012207031,15570600
2026-07-09,NVDA,204.4600067138672,204.58999633789062,198.9600067138672,202.77999877929688,202.5533447265625,132037400
2026-07-09,SPY,747.3499755859375,751.969970703125,745.5900268554688,751.7100219726562,749.8480224609375,41441700
2026-07-09,XLF,55.06999969482422,55.689998626708984,54.970001220703125,55.540000915527344,55.3441276550293,26542000
2026-07-10,AAPL,314.7200012207031,316.9100036621094,312.1700134277344,315.32000732421875,315.0483093261719,34132300
2026-07-10,JPM,337.4700012207031,338.5899963378906,335.7699890136719,336.4700012207031,336.4700012207031,6299000
2026-07-10,NVDA,202.0,211.0,201.9199981689453,210.9600067138672,210.72421264648438,148421000
2026-07-10,SPY,752.0499877929688,755.4199829101562,748.0999755859375,754.9500122070312,753.0799560546875,42191300
2026-07-10,XLF,55.9900016784668,56.029998779296875,55.36000061035156,55.709999084472656,55.513526916503906,24046300
2026-07-13,AAPL,317.0199890136719,323.45001220703125,315.7799987792969,317.30999755859375,317.03656005859375,43257800
2026-07-13,JPM,338.3399963378906,338.3500061035156,332.5,334.5299987792969,334.5299987792969,7120300
2026-07-13,NVDA,208.5399932861328,210.57000732421875,203.0,203.52999877929688,203.30250549316406,121411000
2026-07-13,SPY,752.469970703125,753.9099731445312,748.0,749.1699829101562,747.3142700195312,44013600
2026-07-13,XLF,55.97999954223633,56.15999984741211,55.61000061035156,56.06999969482422,55.872257232666016,33391000
2026-07-14,AAPL,313.760009765625,316.19000244140625,311.9100036621094,314.8599853515625,314.58868408203125,36336800
2026-07-14,JPM,327.0,344.7300109863281,325.75,342.8900146484375,342.8900146484375,14537900
2026-07-14,NVDA,208.1999969482422,212.5500030517578,203.8000030517578,211.8000030517578,211.5632781982422,124379600
2026-07-14,SPY,750.9099731445312,753.3400268554688,748.6599731445312,751.8300170898438,749.9677124023438,35143100
2026-07-14,XLF,55.599998474121094,56.79999923706055,55.59000015258789,56.18000030517578,55.98187255859375,43208800
2026-07-15,AAPL,317.6199951171875,328.7300109863281,317.32000732421875,327.5,327.2178039550781,60957600
2026-07-15,JPM,345.8500061035156,351.239990234375,344.04998779296875,346.9100036621094,346.9100036621094,10750000
2026-07-15,NVDA,211.9600067138672,213.80999755859375,206.0399932861328,212.5,212.26248168945312,124797200
2026-07-15,SPY,754.239990234375,755.5800170898438,750.2000122070312,754.8099975585938,752.9403076171875,43844800
2026-07-15,XLF,56.29999923706055,56.81999969482422,56.18000030517578,56.560001373291016,56.360530853271484,49425400
2026-07-16,AAPL,328.010009765625,334.67999267578125,326.7900085449219,333.260009765625,332.97283935546875,62970600
2026-07-16,JPM,349.2799987792969,349.3399963378906,341.1099853515625,343.1499938964844,343.1499938964844,12432400
2026-07-16,NVDA,210.1699981689453,211.0800018310547,205.85000610351562,207.39999389648438,207.16818237304688,122986100
2026-07-16,SPY,752.760009765625,754.5700073242188,747.8800048828125,750.719970703125,748.8604125976562,46409800
2026-07-16,XLF,56.7599983215332,56.84000015258789,56.38999938964844,56.75,56.549861907958984,27591200
2026-07-17,AAPL,331.9800109863281,334.989990234375,329.0,333.739990234375,333.452392578125,63407100
2026-07-17,JPM,339.0299987792969,346.1300048828125,335.04998779296875,341.1000061035156,341.1000061035156,9250900
2026-07-17,NVDA,202.63999938964844,206.64999389648438,197.97000122070312,202.80999755859375,202.58331298828125,144281900
2026-07-17,SPY,742.0800170898438,747.2899780273438,740.7999877929688,743.2899780273438,741.4487915039062,62651000
2026-07-17,XLF,56.43000030517578,56.939998626708984,56.119998931884766,56.2599983215332,56.061588287353516,42881800
2026-07-20,AAPL,333.510009765625,333.7099914550781,323.67999267578125,326.5899963378906,326.3085632324219,53468000
2026-07-20,JPM,341.79998779296875,344.260009765625,337.3699951171875,338.8699951171875,338.8699951171875,7723300
2026-07-20,NVDA,205.8699951171875,207.74000549316406,202.27999877929688,203.27999877929688,203.05279541015625,88701500
2026-07-20,SPY,747.0599975585938,748.72998046875,741.510009765625,742.0900268554688,740.2518310546875,50422300
2026-07-20,XLF,56.29999923706055,56.380001068115234,55.88999938964844,56.040000915527344,55.84236526489258,38162600
2026-07-21,AAPL,323.1300048828125,329.6000061035156,322.2200012207031,327.739990234375,327.45758056640625,41338900
2026-07-21,JPM,340.1199951171875,345.739990234375,337.29998779296875,345.2300109863281,345.2300109863281,6015300
2026-07-21,NVDA,207.5399932861328,208.64999389648438,204.00999450683594,207.2899932861328,207.0583038330078,108685600
2026-07-21,SPY,746.2899780273438,749.0399780273438,744.1799926757812,748.280029296875,746.426513671875,34324300
2026-07-21,XLF,55.9900016784668,56.34000015258789,55.720001220703125,56.11000061035156,55.91211700439453,26399000
2026-07-22,AAPL,327.8699951171875,329.0,323.3399963378906,325.8900146484375,325.60919189453125,38755900
2026-07-22,JPM,345.07000732421875,349.07000732421875,344.25,348.2099914550781,348.2099914550781,8040200
2026-07-22,NVDA,205.80999755859375,214.38999938964844,204.9499969482422,212.05999755859375,211.82298278808594,137645600
2026-07-22,SPY,746.6199951171875,750.02001953125,746.3699951171875,747.4099731445312,745.55859375,32836200
2026-07-22,XLF,56.13999938964844,56.279998779296875,55.90999984741211,56.04999923706055,55.85232925415039,25430900
2026-07-23,AAPL,321.7300109863281,323.29998779296875,319.3500061035156,321.6600036621094,321.3828430175781,40840800
2026-07-23,JPM,346.5799865722656,349.9200134277344,345.4200134277344,349.8999938964844,349.8999938964844,10913000
2026-07-23,NVDA,209.4600067138672,210.8699951171875,205.9600067138672,208.75999450683594,208.5266571044922,110505300
2026-07-23,SPY,739.3699951171875,742.5599975585938,735.2100219726562,738.1799926757812,736.3515014648438,55437300
2026-07-23,XLF,55.68000030517578,55.86000061035156,55.45000076293945,55.83000183105469,55.63310623168945,24311000
2026-07-24,AAPL,321.7900085449219,334.3699951171875,321.6199951171875,333.0199890136719,332.7330322265625,47489400
2026-07-24,JPM,350.6400146484375,353.3699951171875,347.5,353.2099914550781,353.2099914550781,7520800
2026-07-24,NVDA,207.4499969482422,211.91000366210938,204.80999755859375,206.83999633789062,206.6088104248047,114836800
2026-07-24,SPY,738.510009765625,743.719970703125,737.2899780273438,738.9299926757812,737.099609375,44782000
2026-07-24,XLF,55.83000183105469,56.380001068115234,55.689998626708984,56.310001373291016,56.111412048339844,32212900
2026-07-27,AAPL,334.5400085449219,339.57000732421875,334.0199890136719,336.9100036621094,336.61968994140625,49604300
2026-07-27,JPM,357.8900146484375,359.04998779296875,352.5799865722656,356.20001220703125,356.20001220703125,7884900
2026-07-27,NVDA,208.1999969482422,208.75,195.44000244140625,196.50999450683594,196.2903594970703,154353700
2026-07-27,SPY,744.9099731445312,745.530029296875,735.8699951171875,739.0900268554688,737.25927734375,41461200
2026-07-27,XLF,56.7599983215332,57.130001068115234,56.59000015258789,56.880001068115234,56.67940139770508,29805900
2026-07-28,AAPL,340.0299987792969,342.8900146484375,335.6000061035156,340.0799865722656,339.78692626953125,51859000
2026-07-28,JPM,357.29998779296875,359.29998779296875,354.1499938964844,357.30999755859375,357.30999755859375,6533800
2026-07-28,NVDA,195.0,198.6999969482422,192.74000549316406,197.00999450683594,196.789794921875,134111500
2026-07-28,SPY,739.1900024414062,742.7899780273438,735.97998046875,740.8599853515625,739.0248413085938,47322200
2026-07-28,XLF,57.130001068115234,57.599998474121094,56.95000076293945,57.599998474121094,57.3968620300293,34204400
2026-07-29,AAPL,339.7300109863281,344.57000732421875,337.3500061035156,338.19000244140625,337.8985900878906,56090800
2026-07-29,JPM,356.5,357.3699951171875,343.7799987792969,344.7099914550781,344.7099914550781,8265300
2026-07-29,NVDA,195.85000610351562,197.07000732421875,190.00999450683594,190.00999450683594,189.79762268066406,147680800
2026-07-29,SPY,739.969970703125,742.6799926757812,729.0999755859375,729.4600219726562,727.6531372070312,70697200
2026-07-29,XLF,57.290000915527344,57.470001220703125,56.59000015258789,56.68000030517578,56.480106353759766,49038800
2026-07-30,AAPL,333.1000061035156,334.75,329.5899963378906,333.42999267578125,333.1426696777344,74817800
2026-07-30,JPM,347.5400085449219,352.2799987792969,345.3699951171875,350.8500061035156,350.8500061035156,7606500
2026-07-30,NVDA,193.4499969482422,197.25,191.52000427246094,195.0399932861328,194.82199096679688,129010200
2026-07-30,SPY,736.0499877929688,742.4500122070312,734.5900268554688,741.6900024414062,739.852783203125,66811300
2026-07-30,XLF,56.81999969482422,57.04999923706055,56.18000030517578,57.0,56.798980712890625,33184200
2026-07-31,AAPL,304.80999755859375,310.69000244140625,300.0,308.9100036621094,308.6438293457031,132489100
2026-07-31,JPM,353.29998779296875,354.4700012207031,349.70001220703125,351.7900085449219,351.7900085449219,6603400
2026-07-31,NVDA,198.44000244140625,202.0,194.9499969482422,200.75,200.52561950683594,139961200
2026-07-31,SPY,744.6799926757812,748.9000244140625,737.6799926757812,747.030029296875,745.1796264648438,62445900
2026-07-31,XLF,56.810001373291016,57.119998931884766,56.689998626708984,56.939998626708984,56.73918914794922,32543500
2026-08-03,AAPL,309.5799865722656,311.79998779296875,302.55999755859375,303.4200134277344,303.1585693359375,75052000
2026-08-03,JPM,353.75,355.6199951171875,350.8399963378906,352.6400146484375,352.6400146484375,6436600
2026-08-03,NVDA,197.69000244140625,208.74000549316406,196.85000610351562,206.63999938964844,206.40904235839844,128406900
2026-08-03,SPY,749.4400024414062,758.5800170898438,748.7999877929688,757.6699829101562,755.793212890625,59927500
2026-08-03,XLF,57.290000915527344,57.54999923706055,57.0,57.380001068115234,57.17763900756836,31019400
2026-08-04,AAPL,302.7300109863281,310.4200134277344,301.32000732421875,309.3800048828125,309.1134033203125,68001000
2026-08-04,JPM,355.0,363.0,353.8699951171875,357.5199890136719,357.5199890136719,8477200
2026-08-04,NVDA,211.3000030517578,213.05999755859375,209.0500030517578,211.94000244140625,211.70310974121094,134922000
2026-08-04,SPY,760.6300048828125,773.4099731445312,760.52001953125,771.3300170898438,769.4193725585938,69154800
2026-08-04,XLF,57.220001220703125,58.02000045776367,57.189998626708984,57.880001068115234,57.67587661743164,31466100
2026-08-05,AAPL,309.3599853515625,311.7099914550781,305.6700134277344,311.0,310.7320251464844,49438800
2026-08-05,JPM,358.9700012207031,362.1700134277344,358.20001220703125,359.239990234375,359.239990234375,5269500
2026-08-05,NVDA,216.86000061035156,222.22000122070312,216.39999389648438,219.22000122070312,218.9749755859375,158187400
2026-08-05,SPY,775.8499755859375,776.8499755859375,769.510009765625,769.7899780273438,767.8831787109375,44689100
2026-08-05,XLF,58.18000030517578,58.40999984741211,57.79999923706055,58.0,57.79545211791992,34275600
2026-08-06,AAPL,314.3399963378906,316.2900085449219,309.2300109863281,312.4100036621094,312.14080810546875,46139900
2026-08-06,JPM,362.80999755859375,362.80999755859375,354.95001220703125,356.29998779296875,356.29998779296875,5820100
2026-08-06,NVDA,221.52999877929688,223.6300048828125,217.0,218.99000549316406,218.7452392578125,113940600
2026-08-06,SPY,770.2100219726562,771.8200073242188,767.4600219726562,768.5599975585938,766.65625,38416900
2026-08-06,XLF,58.380001068115234,58.380001068115234,57.59000015258789,57.810001373291016,57.60612487792969,27704200
2026-08-07,AAPL,311.45001220703125,314.80999755859375,310.739990234375,313.3299865722656,313.05999755859375,34437200
2026-08-07,JPM,355.760009765625,358.8500061035156,353.3299865722656,357.5199890136719,357.5199890136719,4566200
2026-08-07,NVDA,221.5399932861328,224.75999450683594,220.66000366210938,223.9600067138672,223.70968627929688,105669400
2026-08-07,SPY,771.02001953125,773.9199829101562,769.6099853515625,773.260009765625,771.3446044921875,43586300
2026-08-07,XLF,57.61000061035156,57.790000915527344,57.34000015258789,57.599998474121094,57.3968620300293,20816700
2026-08-10,AAPL,306.8299865722656,308.260009765625,304.6099853515625,308.260009765625,308.260009765625,44812500
2026-08-10,JPM,357.9599914550781,359.989990234375,356.5,359.7900085449219,359.7900085449219,5327500
2026-08-10,NVDA,223.39999389648438,224.13999938964844,216.77000427246094,217.5500030517578,217.3068389892578,115846600
2026-08-10,SPY,772.5999755859375,775.0499877929688,771.6199951171875,773.030029296875,771.1151733398438,39249500
2026-08-10,XLF,57.540000915527344,58.02000045776367,57.459999084472656,57.810001373291016,57.60612487792969,26070800
2026-08-11,AAPL,307.75,309.9700012207031,302.7900085449219,304.9100036621094,304.9100036621094,37476700
2026-08-11,JPM,360.04998779296875,363.1199951171875,358.6000061035156,362.0400085449219,362.0400085449219,4576500
2026-08-11,NVDA,222.1699981689453,222.1999969482422,216.1999969482422,217.5,217.25689697265625,101273100
2026-08-11,SPY,774.530029296875,774.6099853515625,769.2000122070312,770.5599975585938,768.6513061523438,36740600
2026-08-11,XLF,57.779998779296875,58.099998474121094,57.720001220703125,57.79999923706055,57.59615707397461,19797000
2026-08-12,AAPL,305.1000061035156,305.6600036621094,300.57000732421875,302.25,302.25,41657800
2026-08-12,JPM,362.9700012207031,366.0899963378906,361.29998779296875,365.17999267578125,365.17999267578125,4366800
2026-08-12,NVDA,221.0399932861328,225.10000610351562,220.1999969482422,224.08999633789062,223.8395233154297,108783600
2026-08-12,SPY,774.7100219726562,774.9000244140625,771.280029296875,772.489990234375,770.5764770507812,33179100
2026-08-12,XLF,57.83000183105469,58.0,57.68000030517578,57.91999816894531,57.71573257446289,18531700
2026-08-13,AAPL,304.2099914550781,306.0,302.04998779296875,305.260009765625,305.260009765625,40349300
2026-08-13,JPM,366.5,366.5,361.5199890136719,363.1099853515625,363.1099853515625,5102700
2026-08-13,NVDA,225.05999755859375,227.22999572753906,223.7100067138672,225.3000030517578,225.04818725585938,98867200
2026-08-13,SPY,774.8699951171875,779.3699951171875,774.1099853515625,777.8800048828125,775.9531860351562,35634500
2026-08-13,XLF,58.189998626708984,58.310001373291016,57.75,58.2599983215332,58.054534912109375,23193500
2026-08-14,AAPL,306.0,307.489990234375,304.29998779296875,305.92999267578125,305.92999267578125,28229400
2026-08-14,JPM,363.0,365.8999938964844,361.45001220703125,362.8399963378906,362.8399963378906,5058600
2026-08-14,NVDA,226.77000427246094,227.49000549316406,224.5,225.16000366210938,224.90834045410156,75680900
2026-08-14,SPY,778.5399780273438,778.7999877929688,775.4299926757812,776.3400268554688,774.4169921875,31367900
2026-08-14,XLF,58.220001220703125,58.290000915527344,58.060001373291016,58.15999984741211,57.95488739013672,28130100
2026-08-17,AAPL,306.2099914550781,307.6600036621094,302.94000244140625,305.5899963378906,305.5899963378906,38169300
2026-08-17,JPM,361.94000244140625,365.75,360.9599914550781,360.9599914550781,360.9599914550781,5282600
2026-08-17,NVDA,225.97999572753906,227.9199981689453,224.86000061035156,225.00999450683594,224.7584991455078,93678700
2026-08-17,SPY,776.1799926757812,776.780029296875,772.510009765625,772.6699829101562,770.7560424804688,34356600
2026-08-17,XLF,57.959999084472656,58.27000045776367,57.54999923706055,57.58000183105469,57.37693405151367,45636700
2026-08-18,AAPL,307.5799865722656,311.489990234375,305.739990234375,310.0299987792969,310.0299987792969,53424500
2026-08-18,JPM,362.3399963378906,363.57000732421875,359.2699890136719,363.25,363.25,5525100
2026-08-18,NVDA,220.4499969482422,221.63999938964844,218.69000244140625,219.74000549316406,219.49440002441406,103128200
2026-08-18,SPY,768.7000122070312,769.5,766.9199829101562,767.4500122070312,765.5490112304688,43920900
2026-08-18,XLF,57.72999954223633,57.97999954223633,57.56999969482422,57.84000015258789,57.636016845703125,25389400
2026-08-19,AAPL,310.1400146484375,319.2799987792969,309.6000061035156,316.8299865722656,316.8299865722656,50505600
2026-08-19,JPM,363.010009765625,363.04998779296875,355.6499938964844,357.260009765625,357.260009765625,6696200
2026-08-19,NVDA,221.6699981689453,222.8699951171875,216.75999450683594,217.55999755859375,217.31683349609375,96797300
2026-08-19,SPY,770.3599853515625,772.469970703125,768.0999755859375,769.0599975585938,767.1549682617188,40306000
2026-08-19,XLF,57.880001068115234,58.20000076293945,57.41999816894531,57.47999954223633,57.277286529541016,35648300
2026-08-20,AAPL,317.4599914550781,320.2799987792969,310.6499938964844,311.29998779296875,311.29998779296875,40959200
2026-08-20,JPM,357.6000061035156,357.95001220703125,351.54998779296875,351.54998779296875,351.54998779296875,6799700
2026-08-20,NVDA,218.36000061035156,219.86000061035156,215.66000366210938,216.85000610351562,216.60763549804688,92457000
2026-08-20,SPY,765.9600219726562,768.1500244140625,762.0399780273438,762.5999755859375,760.7109985351562,45520300
2026-08-20,XLF,57.470001220703125,57.65999984741211,56.90999984741211,56.95000076293945,56.7491569519043,30704200
2026-08-21,AAPL,312.04998779296875,312.3800048828125,307.010009765625,309.3500061035156,309.3500061035156,46876800
2026-08-21,JPM,354.07000732421875,356.8599853515625,350.3699951171875,351.5799865722656,351.5799865722656,8112100
2026-08-21,NVDA,218.4199981689453,218.74000549316406,214.5,214.72000122070312,214.48001098632812,98869300
2026-08-21,SPY,766.0499877929688,767.8499755859375,764.1699829101562,765.719970703125,763.8232421875,39188700
2026-08-21,XLF,57.31999969482422,57.70000076293945,57.25,57.47999954223633,57.277286529541016,27273100
2026-08-24,AAPL,311.4700012207031,313.3599853515625,309.9700012207031,310.3399963378906,310.3399963378906,34673600
2026-08-24,JPM,353.29998779296875,358.2799987792969,352.82000732421875,356.3900146484375,356.3900146484375,4394400
2026-08-24,NVDA,215.52999877929688,215.58999633789062,207.25,208.47999572753906,208.24697875976562,135187300
2026-08-24,SPY,764.780029296875,765.219970703125,762.0800170898438,763.469970703125,761.5787963867188,32430900
2026-08-24,XLF,57.70000076293945,58.380001068115234,57.63999938964844,58.220001220703125,58.014678955078125,31462900
2026-08-25,AAPL,310.7900085449219,313.5899963378906,308.2099914550781,309.8999938964844,309.8999938964844,25869800
2026-08-25,JPM,357.0,357.3699951171875,353.07000732421875,356.69000244140625,356.69000244140625,4298000
2026-08-25,NVDA,211.02999877929688,214.72999572753906,210.11000061035156,213.0500030517578,212.81187438964844,122309000
2026-08-25,SPY,766.1599731445312,766.780029296875,763.0499877929688,765.9099731445312,764.0127563476562,27422300
2026-08-25,XLF,58.189998626708984,58.36000061035156,57.869998931884766,58.310001373291016,58.1043586730957,23685100
2026-08-26,AAPL,310.29998779296875,315.42999267578125,308.79998779296875,313.45001220703125,313.45001220703125,34024500
2026-08-26,JPM,356.5,358.3500061035156,354.6000061035156,356.5,356.5,5796500
2026-08-26,NVDA,212.63999938964844,213.60000610351562,209.22999572753906,209.66000366210938,209.4256591796875,179900000
2026-08-26,SPY,764.72998046875,767.3499755859375,763.9299926757812,766.0800170898438,764.182373046875,28751600
2026-08-26,XLF,58.25,58.380001068115234,58.02000045776367,58.2599983215332,58.054534912109375,20054000
2026-08-27,AAPL,310.54998779296875,315.3999938964844,309.3999938964844,314.5799865722656,314.5799865722656,32419200
2026-08-27,JPM,354.67999267578125,357.57000732421875,352.2300109863281,354.2200012207031,354.2200012207031,5209900
2026-08-27,NVDA,222.86000061035156,230.47000122070312,220.89999389648438,227.97999572753906,227.7251739501953,298909800
2026-08-27,SPY,768.5,772.3599853515625,767.1599731445312,771.0999755859375,769.18994140625,34557100
2026-08-27,XLF,57.90999984741211,58.22999954223633,57.72999954223633,57.880001068115234,57.67587661743164,26082100
2026-08-28,AAPL,316.8500061035156,322.3699951171875,315.45001220703125,319.70001220703125,319.70001220703125,38649400
2026-08-28,JPM,355.6700134277344,358.7300109863281,354.2200012207031,357.6199951171875,357.6199951171875,3914500
2026-08-28,NVDA,227.36000061035156,229.25999450683594,216.80999755859375,217.5500030517578,217.3068389892578,195116400
2026-08-28,SPY,771.760009765625,775.2999877929688,768.3099975585938,769.3499755859375,767.4442749023438,36744300
2026-08-28,XLF,57.97999954223633,58.40999984741211,57.91999816894531,58.099998474121094,57.89509963989258,25142600
2026-08-31,AAPL,319.6000061035156,321.239990234375,312.79998779296875,316.8500061035156,316.8500061035156,41242700
2026-08-31,JPM,355.8999938964844,357.7699890136719,354.7699890136719,356.0199890136719,356.0199890136719,7962900
2026-08-31,NVDA,218.8699951171875,221.3000030517578,216.2100067138672,220.77999877929688,220.53323364257812,124702700
2026-08-31,SPY,767.3300170898438,768.0,764.719970703125,767.0499877929688,765.1499633789062,38810800
2026-08-31,XLF,57.86000061035156,57.93000030517578,57.689998626708984,57.709999084472656,57.506473541259766,25215700
2026-09-01,AAPL,316.9800109863281,327.29998779296875,314.7300109863281,325.1300048828125,325.1300048828125,53167400
2026-09-01,JPM,355.7300109863281,359.92999267578125,354.1199951171875,354.95001220703125,354.95001220703125,5079000
2026-09-01,NVDA,216.75,220.41000366210938,215.10000610351562,217.44000244140625,217.1969757080078,109756200
2026-09-01,SPY,762.010009765625,764.6699829101562,759.47998046875,761.780029296875,759.89306640625,41126300
2026-09-01,XLF,57.61000061035156,57.97999954223633,57.130001068115234,57.20000076293945,56.99827575683594,32396200
2026-09-02,AAPL,326.8699951171875,328.3999938964844,323.5299987792969,324.9599914550781,324.9599914550781,33776400
2026-09-02,JPM,357.54998779296875,361.4700012207031,353.7900085449219,356.2200012207031,356.2200012207031,5341400
2026-09-02,NVDA,218.7899932861328,227.9499969482422,218.47999572753906,224.41000366210938,224.1591796875,157104700
2026-09-02,SPY,762.4500122070312,766.4299926757812,761.72998046875,765.1599731445312,763.2646484375,29566200
2026-09-02,XLF,57.380001068115234,58.22999954223633,57.31999969482422,57.65999984741211,57.45664978027344,31321800
2026-09-03,AAPL,324.8699951171875,330.80999755859375,324.1099853515625,328.2099914550781,328.2099914550781,37225800
2026-09-03,JPM,358.67999267578125,362.8500061035156,356.3900146484375,362.05999755859375,362.05999755859375,5414200
2026-09-03,NVDA,226.02000427246094,230.39999389648438,224.75,228.4499969482422,228.1946563720703,134681600
2026-09-03,SPY,767.9000244140625,774.030029296875,767.4500122070312,773.1699829101562,771.2548217773438,43531600
2026-09-03,XLF,58.0,58.599998474121094,57.9900016784668,58.560001373291016,58.353477478027344,32670500
2026-09-04,AAPL,328.30999755859375,328.92999267578125,317.8599853515625,319.9700012207031,319.9700012207031,39606900
2026-09-04,JPM,361.0,362.8599853515625,355.20001220703125,358.6400146484375,358.6400146484375,4873500
2026-09-04,NVDA,231.08999633789062,234.75999450683594,229.6300048828125,230.36000061035156,230.10252380371094,135352400
2026-09-04,SPY,772.010009765625,772.8699951171875,769.0,770.1900024414062,768.2822265625,34054200
2026-09-04,XLF,58.040000915527344,58.380001068115234,57.91999816894531,58.099998474121094,57.89509963989258,26361500
2026-09-08,AAPL,317.1000061035156,320.70001220703125,314.8999938964844,316.2200012207031,316.2200012207031,35477100
2026-09-08,JPM,357.1000061035156,358.54998779296875,353.2300109863281,353.510009765625,353.510009765625,5631400
2026-09-08,NVDA,233.11000061035156,233.7100067138672,224.85000610351562,225.72999572753906,225.47769165039062,122965600
2026-09-08,SPY,769.0700073242188,769.7000122070312,765.1400146484375,765.9600219726562,764.0626831054688,44746100
2026-09-08,XLF,57.709999084472656,57.81999969482422,57.2599983215332,57.29999923706055,57.09791946411133,38239200
2026-09-09,AAPL,315.489990234375,319.1499938964844,309.8999938964844,315.3399963378906,315.3399963378906,65640000
2026-09-09,JPM,352.0,356.3299865722656,348.69000244140625,354.7099914550781,354.7099914550781,6318200
2026-09-09,NVDA,225.27999877929688,226.17999267578125,223.4600067138672,223.6699981689453,223.4199981689453,82955500
2026-09-09,SPY,764.0800170898438,764.469970703125,760.9400024414062,762.4000244140625,760.5115356445312,32812400
2026-09-09,XLF,57.130001068115234,57.33000183105469,56.72999954223633,57.060001373291016,56.858768463134766,27523000
2026-09-10,AAPL,316.6700134277344,326.739990234375,316.510009765625,326.57000732421875,326.57000732421875,70011900
2026-09-10,JPM,353.510009765625,354.2200012207031,351.1199951171875,353.55999755859375,353.55999755859375,4184200
2026-09-10,NVDA,220.52999877929688,220.99000549316406,217.1999969482422,218.36000061035156,218.36000061035156,105768000
2026-09-10,SPY,758.030029296875,760.1099853515625,756.6400146484375,757.8300170898438,755.9528198242188,42740400
2026-09-10,XLF,56.90999984741211,57.11000061035156,56.689998626708984,56.869998931884766,56.669437408447266,25355100
2026-09-11,AAPL,327.45001220703125,336.2200012207031,326.29998779296875,332.2699890136719,332.2699890136719,50716900
2026-09-11,JPM,358.32000732421875,360.04998779296875,354.7900085449219,356.2300109863281,356.2300109863281,5354600
2026-09-11,NVDA,221.24000549316406,222.0,218.14999389648438,218.2899932861328,218.2899932861328,89060100
2026-09-11,SPY,764.719970703125,766.3800048828125,763.5999755859375,764.2899780273438,762.3967895507812,45512700
2026-09-11,XLF,57.439998626708984,57.619998931884766,56.959999084472656,57.25,57.048095703125,34701500
2026-09-14,AAPL,334.7900085449219,335.5,331.3399963378906,333.0799865722656,333.0799865722656,39269100
2026-09-14,JPM,354.2300109863281,355.2799987792969,347.54998779296875,350.1300048828125,350.1300048828125,9609900
2026-09-14,NVDA,211.24000549316406,212.77000427246094,208.92999267578125,210.9600067138672,210.9600067138672,132267200
2026-09-14,SPY,759.0,763.52001953125,757.9299926757812,760.8800048828125,758.9952392578125,43992400
2026-09-14,XLF,57.34000015258789,57.56999969482422,56.7599983215332,57.029998779296875,56.82887268066406,38162400
2026-09-15,AAPL,330.1400146484375,331.7799987792969,328.3500061035156,331.3399963378906,331.3399963378906,31748200
2026-09-15,JPM,351.0,354.70001220703125,343.07000732421875,352.489990234375,352.489990234375,14026500
2026-09-15,NVDA,213.3800048828125,213.94000244140625,211.16000366210938,212.1699981689453,212.1699981689453,88059700
2026-09-15,SPY,760.1199951171875,760.3499755859375,756.1500244140625,757.3900146484375,755.513916015625,46195000
2026-09-15,XLF,56.970001220703125,56.9900016784668,56.459999084472656,56.849998474121094,56.649505615234375,30161600
2026-09-16,AAPL,332.5299987792969,335.4800109863281,330.70001220703125,332.4100036621094,332.4100036621094,35981000
2026-09-16,JPM,353.3800048828125,355.6000061035156,344.69000244140625,348.9200134277344,348.9200134277344,8303400
2026-09-16,NVDA,214.13999938964844,216.75999450683594,212.5,213.89999389648438,213.89999389648438,96563600
2026-09-16,SPY,759.5,761.6699829101562,749.5999755859375,754.0499877929688,752.1821899414062,59217700
2026-09-16,XLF,56.81999969482422,56.849998474121094,55.439998626708984,55.93000030517578,55.73275375366211,53072800
2026-09-17,AAPL,334.7699890136719,338.3399963378906,330.17999267578125,337.0,337.0,36700200
2026-09-17,JPM,352.25,353.489990234375,345.2699890136719,349.30999755859375,349.30999755859375,6480100
2026-09-17,NVDA,218.3800048828125,219.91000366210938,217.14999389648438,219.33999633789062,219.33999633789062,94191300
2026-09-17,SPY,763.1500244140625,763.5700073242188,759.9600219726562,762.5999755859375,760.7109985351562,49652800
2026-09-17,XLF,56.27000045776367,56.400001525878906,55.560001373291016,55.880001068115234,55.68292999267578,29191300
2026-09-18,AAPL,337.9100036621094,338.489990234375,332.5299987792969,336.1300048828125,336.1300048828125,86588200
2026-09-18,JPM,347.8900146484375,349.6700134277344,345.010009765625,349.6700134277344,349.6700134277344,18312400
2026-09-18,NVDA,219.35000610351562,222.72999572753906,218.02999877929688,222.27000427246094,222.27000427246094,190287400
2026-09-18,SPY,761.3099975585938,762.0,757.969970703125,761.6900024414062,761.6900024414062,65395100
2026-09-18,XLF,55.65999984741211,55.97999954223633,55.459999084472656,55.86000061035156,55.66299819946289,36017900
2026-09-21,AAPL,335.2799987792969,339.6400146484375,333.04998779296875,338.9800109863281,338.9800109863281,34999200
2026-09-21,JPM,353.6700134277344,354.5,350.0799865722656,352.0400085449219,352.0400085449219,6414700
2026-09-21,NVDA,222.94000244140625,228.5,221.55999755859375,227.3800048828125,227.3800048828125,109806100
2026-09-21,SPY,766.25,774.8900146484375,766.030029296875,773.5,773.5,50484700
2026-09-21,XLF,56.04999923706055,56.209999084472656,55.720001220703125,55.900001525878906,55.900001525878906,30640800
2026-09-22,AAPL,340.3299865722656,345.3399963378906,338.75,339.75,339.75,40599377
2026-09-22,JPM,352.0,352.1025085449219,337.29998779296875,340.0,340.0,11403647
2026-09-22,NVDA,226.91000366210938,229.97999572753906,226.5,228.8699951171875,228.8699951171875,93296546
2026-09-22,SPY,774.030029296875,775.1400146484375,772.5900268554688,773.3800048828125,773.3800048828125,34483102
2026-09-22,XLF,56.0,56.04999923706055,54.54999923706055,54.79999923706055,54.79999923706055,69564269
